"Type","Name","Rating","TotalReviewers","SPF","Harga","PA","Brand","Link"
"Sunscreen","Collagen Sun Cream SPF50+ PA+++","4.2","19","50","400000","4","3W CLINIC","https://reviews.femaledaily.com/products/moisturizer/sun-protection-44/3w-clinic/sun-cream-spf50-pa-1?cat=&cat_id=0&age_range=&skin_type=&skin_tone=&skin_undertone=&hair_texture=&hair_type=&order=newest&page=1"
"Sunscreen","Quick Sunstick Protection Bar SPF50+ PA++++","4.5","24","50","403000","5","Abib Cosmetics","https://reviews.femaledaily.com/products/moisturizer/sun-protection-44/abib-cosmetics/quick-sunstick-protection-bar-2?cat=&cat_id=0&age_range=&skin_type=&skin_tone=&skin_undertone=&hair_texture=&hair_type=&order=newest&page=1"
"Sunscreen","Sunscreen Cream SPF 40","4.1","11","40","302000","0","Acanthe","https://reviews.femaledaily.com/products/moisturizer/sun-protection-44/acanthe/sunscreen-cream-spf-40?cat=&cat_id=0&age_range=&skin_type=&skin_tone=&skin_undertone=&hair_texture=&hair_type=&order=newest&page=1"
"Sunscreen","Daily Face Sunscreen SPF 30 PA ++","5.0","22","30","403000","2","Aceskin","https://reviews.femaledaily.com/products/moisturizer/sun-protection-44/aceskin/daily-face-sunscreen-spf-30-pa?cat=&cat_id=0&age_range=&skin_type=&skin_tone=&skin_undertone=&hair_texture=&hair_type=&order=newest&page=1"
"Sunscreen","UV Sunscreen Serum SPF 50+ PA++","4.1","60","50","494000","3","Amaterasun","https://reviews.femaledaily.com/products/moisturizer/sun-protection-44/amaterasun/uv-sunscreen-serum-spf-50-pa-1?cat=&cat_id=0&age_range=&skin_type=&skin_tone=&skin_undertone=&hair_texture=&hair_type=&order=newest&page=1"
"Sunscreen","UV Sunscreen Cream SPF 50+ PA++++","3.7","36","50","1391000","5","Amaterasun","https://reviews.femaledaily.com/products/moisturizer/sun-protection-44/amaterasun/uv-sunscreen-cream-spf-50-pa-1?cat=&cat_id=0&age_range=&skin_type=&skin_tone=&skin_undertone=&hair_texture=&hair_type=&order=newest&page=1"
"Sunscreen","Perfect UV Sunscreen Skincare Milk SPF 50+ PA ++++","4.5","280","50","1199000","5","Anessa","https://reviews.femaledaily.com/products/moisturizer/sun-protection-44/anessa/anessa-perfect-uv-sunscreen-skincare-milk-4?cat=&cat_id=0&age_range=&skin_type=&skin_tone=&skin_undertone=&hair_texture=&hair_type=&order=newest&page=1"
"Sunscreen","Perfect UV Suncreen Skincare Gel SPF 50+ PA++++","4.5","81","50","988000","5","Anessa","https://reviews.femaledaily.com/products/moisturizer/sun-protection-44/anessa/anessa-perfect-uv-sunscreen-skincare-gel-spf-50-pa-4?cat=&cat_id=0&age_range=&skin_type=&skin_tone=&skin_undertone=&hair_texture=&hair_type=&order=newest&page=1"
"Sunscreen","Brightening UV Sunscreen Gel SPF50+ PA++++","4.4","50","50","897000","5","Anessa","https://reviews.femaledaily.com/products/moisturizer/sun-protection-44/anessa/anessa-whitening-uv-sunscreen-gel-spf50pa-4?cat=&cat_id=0&age_range=&skin_type=&skin_tone=&skin_undertone=&hair_texture=&hair_type=&order=newest&page=1"
"Sunscreen","Perfect UV Sunscreen Skin Care Spray SPF 50+ PA++++","4.5","23","50","796000","5","Anessa","https://reviews.femaledaily.com/products/moisturizer/sun-protection-44/anessa/anessa-perfect-uv-sunscreen-skin-care-spray-spf-50-pa?cat=&cat_id=0&age_range=&skin_type=&skin_tone=&skin_undertone=&hair_texture=&hair_type=&order=newest&page=1"
"Sunscreen","Moisture UV Sunscreen Mild Gel SPF35 PA+++","4.1","16","35","695000","3","Anessa","https://reviews.femaledaily.com/products/moisturizer/sun-protection-44/anessa/anessa-moisture-uv-sunscreen-mild-gel-spf35-pa?cat=&cat_id=0&age_range=&skin_type=&skin_tone=&skin_undertone=&hair_texture=&hair_type=&order=newest&page=1"
"Sunscreen","Multi-Protection Sunscreen SPF 50+","4.4","15","50","403000","1","Aqua Plus Series","https://reviews.femaledaily.com/products/moisturizer/sun-protection-44/aqua-plus-series/multi-protection-sunscreen-spf-50?cat=&cat_id=0&age_range=&skin_type=&skin_tone=&skin_undertone=&hair_texture=&hair_type=&order=newest&page=1"
"Sunscreen","Perfect UV Protector SPF 50 PA ++++","4.1","17","50","403000","4","Astalift","https://reviews.femaledaily.com/products/moisturizer/sun-protection-44/astalift/perfect-uv-protector-spf-50-pa-4plus?cat=&cat_id=0&age_range=&skin_type=&skin_tone=&skin_undertone=&hair_texture=&hair_type=&order=newest&page=1"
"Sunscreen","Sunscreen SPF 50","4.1","34","50","403000","0","Atomy","https://reviews.femaledaily.com/products/moisturizer/sun-protection-44/atomy/sunscreen-spf-50?cat=&cat_id=0&age_range=&skin_type=&skin_tone=&skin_undertone=&hair_texture=&hair_type=&order=newest&page=1"
"Sunscreen","Absolute Essence Sun UV Protector SPF50+PA++++ 40ml","3.7","10","40","806000","5","Atomy","https://reviews.femaledaily.com/products/moisturizer/sun-protection-44/atomy/atomy-absolute-essence-sun-uv-protector-spf50pa-40ml?cat=&cat_id=0&age_range=&skin_type=&skin_tone=&skin_undertone=&hair_texture=&hair_type=&order=newest&page=1"
"Sunscreen","UV Shield Sunscreen SPF 30 Broad Spectrum","4.0","446","30","806000","0","Aulia","https://reviews.femaledaily.com/products/moisturizer/sun-protection-44/aulia/uv-shield-sunscreen-spf-30-broad-spectrum-1?cat=&cat_id=0&age_range=&skin_type=&skin_tone=&skin_undertone=&hair_texture=&hair_type=&order=newest&page=1"
"Sunscreen","Botanical SPF50 Tinted Face Sunscreen Lotion","4.9","13","50","1482000","0","Australian Gold","https://reviews.femaledaily.com/products/moisturizer/sun-protection-44/australian-gold/botanical-spf50-tinted-face-sunscreen-lotion?cat=&cat_id=0&age_range=&skin_type=&skin_tone=&skin_undertone=&hair_texture=&hair_type=&order=newest&page=1"
"Sunscreen","High Protection Mineral Cream SPF50+","2.8","12","50","988000","1","Avene","https://reviews.femaledaily.com/products/moisturizer/sun-protection-44/avene/avene-very-high-protection-mineral-cream?cat=&cat_id=0&age_range=&skin_type=&skin_tone=&skin_undertone=&hair_texture=&hair_type=&order=newest&page=1"
"Sunscreen","Your Skin Bae Shield of Sun Essence SPF 50 PA+++","3.6","28","50","1199000","3","AVOSKIN","https://reviews.femaledaily.com/products/moisturizer/sun-protection-44/avoskin/your-skin-bae-shield-of-sun-essence-spf-50-pa-1?cat=&cat_id=0&age_range=&skin_type=&skin_tone=&skin_undertone=&hair_texture=&hair_type=&order=newest&page=1"
"Sunscreen","Hydrasoothe Sunscreen Gel SPF 45+++","4.1","9","45","1391000","3","Azarine Cosmetics","https://reviews.femaledaily.com/products/moisturizer/sun-protection-44/azarine-cosmetics/hydrashoothe-sunscreen-gel-spf45-3?cat=&cat_id=0&age_range=&skin_type=&skin_tone=&skin_undertone=&hair_texture=&hair_type=&order=newest&page=1"
"Sunscreen","Hydramax-C Sunscreen Serum SPF 50 PA++++","4.0","946","50","1290000","4","Azarine Cosmetics","https://reviews.femaledaily.com/products/moisturizer/sun-protection-44/azarine-cosmetics/hydramax-c-sunscreen-serum-spf-50-pa-blueloght-protection-brightening-1?cat=&cat_id=0&age_range=&skin_type=&skin_tone=&skin_undertone=&hair_texture=&hair_type=&order=newest&page=1"
"Sunscreen","Cicamide Barrier Sunscreen Moisturiser SPF35 PA+++","4.1","190","35","1199000","3","Azarine Cosmetics","https://reviews.femaledaily.com/products/moisturizer/sun-protection-44/azarine-cosmetics/cicamide-barrier-sunscreen-moisturiser-spf35-pa-1?cat=&cat_id=0&age_range=&skin_type=&skin_tone=&skin_undertone=&hair_texture=&hair_type=&order=newest&page=1"
"Sunscreen","Aqua Essence Sun Shield Serum SPF 50 PA+++","3.6","144","50","796000","3","Azarine Cosmetics","https://reviews.femaledaily.com/products/moisturizer/sun-protection-44/azarine-cosmetics/aqua-essence-sun-shield-serum-spf-50-pa-1?cat=&cat_id=0&age_range=&skin_type=&skin_tone=&skin_undertone=&hair_texture=&hair_type=&order=newest&page=1"
"Sunscreen","Ultra Protect Faces Sunscreen Lotion SPF 50","3.2","93","50","609000","0","Banana Boat","https://reviews.femaledaily.com/products/moisturizer/sun-protection-44/banana-boat/ultra-protect-faces-sunscreen-lotion-spf-50?cat=&cat_id=0&age_range=&skin_type=&skin_tone=&skin_undertone=&hair_texture=&hair_type=&order=newest&page=1"
"Sunscreen","Simply Protect Aqua Protect SPF 50+ PA++++","4.5","81","50","604000","5","Banana Boat","https://reviews.femaledaily.com/products/moisturizer/sun-protection-44/banana-boat/simply-protect-aqua-protect-spf-50-pa?cat=&cat_id=0&age_range=&skin_type=&skin_tone=&skin_undertone=&hair_texture=&hair_type=&order=newest&page=1"
"Sunscreen","Simply Protect Aqua SPF 50+ PA++++","4.4","43","50","402000","5","Banana Boat","https://reviews.femaledaily.com/products/moisturizer/sun-protection-44/banana-boat/simply-protect-aqua-spf-50-pa?cat=&cat_id=0&age_range=&skin_type=&skin_tone=&skin_undertone=&hair_texture=&hair_type=&order=newest&page=1"
"Sunscreen","My UV Armor SPF 50 PA++++","4.3","16","50","604000","4","Barenbliss","https://reviews.femaledaily.com/products/moisturizer/sun-protection-44/barenbliss/my-uv-armor-spf-50-pa-no-shade-2?cat=&cat_id=0&age_range=&skin_type=&skin_tone=&skin_undertone=&hair_texture=&hair_type=&order=newest&page=1"
"Sunscreen","Clean Ocean Non Nano Mild Sunscreen SPF 50+ PA++++","4.1","10","50","543000","5","Be Plain","https://reviews.femaledaily.com/products/moisturizer/sun-protection-44/be-plain/clean-ocean-non-nano-mild-sunscreen-spf-50-pa?cat=&cat_id=0&age_range=&skin_type=&skin_tone=&skin_undertone=&hair_texture=&hair_type=&order=newest&page=1"
"Sunscreen","Relief Sun Rice + Probiotics SPF50+ PA++++","4.0","78","50","705000","6","Beauty of Joseon","https://reviews.femaledaily.com/products/moisturizer/sun-protection-44/beauty-of-joseon/relief-sun-rice-probiotics-spf50-pa?cat=&cat_id=0&age_range=&skin_type=&skin_tone=&skin_undertone=&hair_texture=&hair_type=&order=newest&page=1"
"Sunscreen","Papaya-D Sun Cream SPF38/PA+++","3.9","16","38","1209000","3","Benton","https://reviews.femaledaily.com/products/moisturizer/sun-protection-44/benton/papaya-d-sun-cream-spf38pa?cat=&cat_id=0&age_range=&skin_type=&skin_tone=&skin_undertone=&hair_texture=&hair_type=&order=newest&page=1"
"Sunscreen","Mineral Sun Stick SPF50/PA++++","4.6","15","50","906000","4","Benton","https://reviews.femaledaily.com/products/moisturizer/sun-protection-44/benton/mineral-sun-stick-spf50pa-15g-1?cat=&cat_id=0&age_range=&skin_type=&skin_tone=&skin_undertone=&hair_texture=&hair_type=&order=newest&page=1"
"Sunscreen","Air Fit UV Defense Sun Cream SPF50+/PA++++","4.6","12","50","65500","5","Benton","https://reviews.femaledaily.com/products/moisturizer/sun-protection-44/benton/air-fit-uv-defense-sun-cream-spf50pa?cat=&cat_id=0&age_range=&skin_type=&skin_tone=&skin_undertone=&hair_texture=&hair_type=&order=newest&page=1"
"Sunscreen","Skin Fit Mineral Sun Cream SPF 50+ PA ++++","4.2","10","50","65000","5","Benton","https://reviews.femaledaily.com/products/moisturizer/sun-protection-44/benton/skin-fit-mineral-sun-cream-2?cat=&cat_id=0&age_range=&skin_type=&skin_tone=&skin_undertone=&hair_texture=&hair_type=&order=newest&page=1"
"Sunscreen","Photoderm Max SPF 100","3.4","74","100","65000","0","Bioderma","https://reviews.femaledaily.com/products/moisturizer/sun-protection-44/bioderma/photoderm-max-spf-100?cat=&cat_id=0&age_range=&skin_type=&skin_tone=&skin_undertone=&hair_texture=&hair_type=&order=newest&page=1"
"Sunscreen","Photoderm AKN Mat SPF 30","4.1","56","30","65000","0","Bioderma","https://reviews.femaledaily.com/products/moisturizer/sun-protection-44/bioderma/photoderm-akn-mat-spf-30?cat=&cat_id=0&age_range=&skin_type=&skin_tone=&skin_undertone=&hair_texture=&hair_type=&order=newest&page=1"
"Sunscreen","Photoderm MAX Spray SPF 50+","4.2","14","50","75000","1","Bioderma","https://reviews.femaledaily.com/products/moisturizer/sun-protection-44/bioderma/photoderm-max-spray-spf-50?cat=&cat_id=0&age_range=&skin_type=&skin_tone=&skin_undertone=&hair_texture=&hair_type=&order=newest&page=1"
"Sunscreen","UV Aqua Rich Watery Essence SPF 50+/PA++++","4.2","7","50","254000","5","Biore","https://reviews.femaledaily.com/products/moisturizer/sun-protection-44/biore/uv-aqua-rich-watery-essence?cat=&cat_id=0&age_range=&skin_type=&skin_tone=&skin_undertone=&hair_texture=&hair_type=&order=newest&page=1"
"Sunscreen","UV Aqua Rich Watery Gel SPF 50+/PA++++","3.9","413","50","183000","5","Biore","https://reviews.femaledaily.com/products/moisturizer/sun-protection-44/biore/kao-biore-uv-aqua-rich-watery-gel-sunsreen?cat=&cat_id=0&age_range=&skin_type=&skin_tone=&skin_undertone=&hair_texture=&hair_type=&order=newest&page=1"
"Sunscreen","UV Aqua Rich Watery Essence SPF 50+ PA ++++","4.3","176","50","99000","5","Biore","https://reviews.femaledaily.com/products/moisturizer/sun-protection-44/biore/uv-aqua-rich-watery-essence-spf-50-pa?cat=&cat_id=0&age_range=&skin_type=&skin_tone=&skin_undertone=&hair_texture=&hair_type=&order=newest&page=1"
"Sunscreen","UV Athlizm Skin Protect Essence SPF 50+ PA++++","4.5","96","50","177000","5","Biore","https://reviews.femaledaily.com/products/moisturizer/sun-protection-44/biore/uv-athlizm-skin-protect-essence-spf-50-pa?cat=&cat_id=0&age_range=&skin_type=&skin_tone=&skin_undertone=&hair_texture=&hair_type=&order=newest&page=1"
"Sunscreen","UV Perfect Milk SPF 50+/PA++++","4.4","74","50","159000","5","Biore","https://reviews.femaledaily.com/products/moisturizer/sun-protection-44/biore/uv-perfect-milk?cat=&cat_id=0&age_range=&skin_type=&skin_tone=&skin_undertone=&hair_texture=&hair_type=&order=newest&page=1"
"Sunscreen","UV Perfect Face Milk SPF 50 PA","4.4","72","50","254000","0","Biore","https://reviews.femaledaily.com/products/moisturizer/sun-protection-44/biore/uv-perfect-face-milk-spf-50-pa?cat=&cat_id=0&age_range=&skin_type=&skin_tone=&skin_undertone=&hair_texture=&hair_type=&order=newest&page=1"
"Sunscreen","UV Perfect Protect Milk SPF 50 PA+++","4.7","60","50","168000","3","Biore","https://reviews.femaledaily.com/products/moisturizer/sun-protection-44/biore/biore-uv-perfect-protect-milk-moisture-1?cat=&cat_id=0&age_range=&skin_type=&skin_tone=&skin_undertone=&hair_texture=&hair_type=&order=newest&page=1"
"Sunscreen","UV Perfect Spray SPF50+ PA++++","4.0","33","50","151000","5","Biore","https://reviews.femaledaily.com/products/moisturizer/sun-protection-44/biore/uv-perfect-spray-spf50-pa?cat=&cat_id=0&age_range=&skin_type=&skin_tone=&skin_undertone=&hair_texture=&hair_type=&order=newest&page=1"
"Sunscreen","Tone Up UV Milk SPF50+ PA++++","4.1","23","50","168000","5","Biore","https://reviews.femaledaily.com/products/moisturizer/sun-protection-44/biore/biore-uv-tone-up-uv-milk-spf50-pa?cat=&cat_id=0&age_range=&skin_type=&skin_tone=&skin_undertone=&hair_texture=&hair_type=&order=newest&page=1"
"Sunscreen","UV Aqua Rich Watery Jelly SPF 30 / PA+++","4.2","15","30","193000","3","Biore","https://reviews.femaledaily.com/products/moisturizer/sun-protection-44/biore/uv-aqua-rich-watery-jelly-spf-30-pa?cat=&cat_id=0&age_range=&skin_type=&skin_tone=&skin_undertone=&hair_texture=&hair_type=&order=newest&page=1"
"Sunscreen","UV Perfect Bright Milk SPF 50+ PA++++","4.4","10","50","193000","5","Biore","https://reviews.femaledaily.com/products/moisturizer/sun-protection-44/biore/perfect-uv-37?cat=&cat_id=0&age_range=&skin_type=&skin_tone=&skin_undertone=&hair_texture=&hair_type=&order=newest&page=1"
"Sunscreen","UV Aqua Rich Watery Mousse SPF 50","4.1","9","50","151000","0","Biore","https://reviews.femaledaily.com/products/moisturizer/sun-protection-44/biore/uv-aqua-rich-watery-mousse-spf-50?cat=&cat_id=0&age_range=&skin_type=&skin_tone=&skin_undertone=&hair_texture=&hair_type=&order=newest&page=1"
"Sunscreen","Sunscreen Lotion SPF 19","3.4","25","19","89000","0","Bless","https://reviews.femaledaily.com/products/moisturizer/sun-protection-44/bless/sunscreen-lotion-spf-19?cat=&cat_id=0&age_range=&skin_type=&skin_tone=&skin_undertone=&hair_texture=&hair_type=&order=newest&page=1"
"Sunscreen","Sunscreen Cream SPF 19","3.4","9","19","169000","0","Bless","https://reviews.femaledaily.com/products/moisturizer/sun-protection-44/bless/sunscreen-cream-spf-19?cat=&cat_id=0&age_range=&skin_type=&skin_tone=&skin_undertone=&hair_texture=&hair_type=&order=newest&page=1"
"Sunscreen","Solar Smart UV Protector SPF45 PA++++","3.7","1","45","169000","4","Carasun","https://reviews.femaledaily.com/products/moisturizer/sun-protection-44/carasun/carasun-solar-smart-uv-protector-spf45-pa?cat=&cat_id=0&age_range=&skin_type=&skin_tone=&skin_undertone=&hair_texture=&hair_type=&order=newest&page=1"
"Sunscreen","L-Glutathione Magic Cream SPF50 PA+++","4.0","40","50","250000","3","Cathy Doll","https://reviews.femaledaily.com/products/moisturizer/sun-protection-44/cathy-doll/l-glutathione-magic-cream?cat=&cat_id=0&age_range=&skin_type=&skin_tone=&skin_undertone=&hair_texture=&hair_type=&order=newest&page=1"
"Sunscreen","UVA/UVB Defense SPF 50+","3.6","62","50","310000","1","Cetaphil","https://reviews.femaledaily.com/products/moisturizer/sun-protection-44/cetaphil/uvauvb-defense-spf-50?cat=&cat_id=0&age_range=&skin_type=&skin_tone=&skin_undertone=&hair_texture=&hair_type=&order=newest&page=1"
"Sunscreen","Sun SPF 50+ Ultra-Light Lotion","4.1","10","50","370000","1","Cetaphil","https://reviews.femaledaily.com/products/moisturizer/sun-protection-44/cetaphil/suntivity-spf-50-ultra-light-lotion-100ml?cat=&cat_id=0&age_range=&skin_type=&skin_tone=&skin_undertone=&hair_texture=&hair_type=&order=newest&page=1"
"Sunscreen","UV Plus HP Ecran Multi Protection SPF 40","4.5","32","40","470000","0","Clarins","https://reviews.femaledaily.com/products/moisturizer/sun-protection-44/clarins/uv-plus-hp-ecran-multi-protection-spf-40?cat=&cat_id=0&age_range=&skin_type=&skin_tone=&skin_undertone=&hair_texture=&hair_type=&order=newest&page=1"
"Sunscreen","UV Plus Anti-Pollution Sunscreen Multi-Protection Broad Spectrum SPF 50","4.1","32","50","335000","0","Clarins","https://reviews.femaledaily.com/products/moisturizer/sun-protection-44/clarins/uv-plus-anti-pollution?cat=&cat_id=0&age_range=&skin_type=&skin_tone=&skin_undertone=&hair_texture=&hair_type=&order=newest&page=1"
"Sunscreen","UV Plus HP Day Screen High Protection SPF 40","4.7","16","40","335000","0","Clarins","https://reviews.femaledaily.com/products/moisturizer/sun-protection-44/clarins/uv-plus-hp-day-screen-high-protection-spf-40?cat=&cat_id=0&age_range=&skin_type=&skin_tone=&skin_undertone=&hair_texture=&hair_type=&order=newest&page=1"
"Sunscreen","UV PLUS Anti-Pollution Sunscreen Multi-Protection Broad Spectrum SPF 50","4.5","12","50","122800","0","Clarins","https://reviews.femaledaily.com/products/moisturizer/sun-protection-44/clarins/uv-plus-anti-pollution-sunscreen-multi-protection-broad-spectrum-spf-50?cat=&cat_id=0&age_range=&skin_type=&skin_tone=&skin_undertone=&hair_texture=&hair_type=&order=newest&page=1"
"Sunscreen","UV Defense SPF50 PA+++","4.7","121","50","136500","3","Clinelle","https://reviews.femaledaily.com/products/moisturizer/sun-protection-44/clinelle/uv-defense-spf50-pa?cat=&cat_id=0&age_range=&skin_type=&skin_tone=&skin_undertone=&hair_texture=&hair_type=&order=newest&page=1"
"Sunscreen","Super City Block Oil-Free Daily Face Protector Broad Spectrum SPF 40","4.1","32","40","206200","0","CLINIQUE","https://reviews.femaledaily.com/products/moisturizer/sun-protection-44/clinique/super-city-block?cat=&cat_id=0&age_range=&skin_type=&skin_tone=&skin_undertone=&hair_texture=&hair_type=&order=newest&page=1"
"Sunscreen","City Block Sheer Oil-Free Daily Face Protector Broad Spectrum SPF 25","3.7","17","25","36900","0","CLINIQUE","https://reviews.femaledaily.com/products/moisturizer/sun-protection-44/clinique/city-block-sheer-oil-free-daily-face-protector-spf-25?cat=&cat_id=0&age_range=&skin_type=&skin_tone=&skin_undertone=&hair_texture=&hair_type=&order=newest&page=1"
"Sunscreen","Shield Fit All Green Comfort Sun SPF 50+ PA+++","3.6","15","50","36900","4","Cosrx","https://reviews.femaledaily.com/products/moisturizer/sun-protection-44/cosrx/shield-fit?cat=&cat_id=0&age_range=&skin_type=&skin_tone=&skin_undertone=&hair_texture=&hair_type=&order=newest&page=1"
"Sunscreen","Waterfull Essence Sun Cream SPF 50+ PA++++","4.8","150","50","159200","5","d'Alba","https://reviews.femaledaily.com/products/moisturizer/sun-protection-44/dalba/waterfull-essence-sun-cream-spf-50-pa-2?cat=&cat_id=0&age_range=&skin_type=&skin_tone=&skin_undertone=&hair_texture=&hair_type=&order=newest&page=1"
"Sunscreen","Daily UV Protection SPF 30+ for Acne","4.8","14","30","199000","1","Daneen","https://reviews.femaledaily.com/products/moisturizer/sun-protection-44/daneen/daily-uv-protection-spf-30-for-acne?cat=&cat_id=0&age_range=&skin_type=&skin_tone=&skin_undertone=&hair_texture=&hair_type=&order=newest&page=1"
"Sunscreen","Daily UV Protection SPF 30+ for Oily Skin","4.9","12","30","189000","1","Daneen","https://reviews.femaledaily.com/products/moisturizer/sun-protection-44/daneen/daily-uv-protection-spf-30-for-oily-skin?cat=&cat_id=0&age_range=&skin_type=&skin_tone=&skin_undertone=&hair_texture=&hair_type=&order=newest&page=1"
"Sunscreen","Daily UV Protection SPF 30+ for Dry to Sensitive Skin","4.8","9","30","120000","1","Daneen","https://reviews.femaledaily.com/products/moisturizer/sun-protection-44/daneen/daily-uv-protection-spf-30-for-dry-to-sensitive-skin?cat=&cat_id=0&age_range=&skin_type=&skin_tone=&skin_undertone=&hair_texture=&hair_type=&order=newest&page=1"
"Sunscreen","Daily UV Protection SPF 30+ for Normal Skin","4.9","9","30","120000","1","Daneen","https://reviews.femaledaily.com/products/moisturizer/sun-protection-44/daneen/daily-uv-protection-spf-30-for-normal-skin?cat=&cat_id=0&age_range=&skin_type=&skin_tone=&skin_undertone=&hair_texture=&hair_type=&order=newest&page=1"
"Sunscreen","Skin Barrier Sunscreen SPF 50 PA++++","4.0","117","50","162400","4","Dear Me Beauty","https://reviews.femaledaily.com/products/moisturizer/sun-protection-44/dear-me-beauty/skin-barrier-sunscreen-spf-50-pa-1?cat=&cat_id=0&age_range=&skin_type=&skin_tone=&skin_undertone=&hair_texture=&hair_type=&order=newest&page=1"
"Sunscreen","Dear Me Beauty X KFC Primer Sunstick SPF 50+ PA++++","3.8","74","50","198000","5","Dear Me Beauty","https://reviews.femaledaily.com/products/moisturizer/sun-protection-44/dear-me-beauty/dear-me-beauty-x-kfc-primer-sunstick-spf-50-pa-1?cat=&cat_id=0&age_range=&skin_type=&skin_tone=&skin_undertone=&hair_texture=&hair_type=&order=newest&page=1"
"Sunscreen","Moisturizing Sunscreen SPF 50 PA++++","4.8","14","50","398000","4","Dermacept RX","https://reviews.femaledaily.com/products/moisturizer/sun-protection-44/dermacept-rx/dermacept-rx-moisturizing-sunscreen-spf-50-pa?cat=&cat_id=0&age_range=&skin_type=&skin_tone=&skin_undertone=&hair_texture=&hair_type=&order=newest&page=1"
"Sunscreen","Green Mild Up Sun SPF50+ PA++++","4.2","20","50","399000","5","Dr. G","https://reviews.femaledaily.com/products/moisturizer/sun-protection-44/dr-g/green-mild-up-sun-spf50-pa?cat=&cat_id=0&age_range=&skin_type=&skin_tone=&skin_undertone=&hair_texture=&hair_type=&order=newest&page=1"
"Sunscreen","Umbre Tinte Physical Daily Defense Spf 30","3.7","15","30","399000","0","Drunk Elephant","https://reviews.femaledaily.com/products/moisturizer/sun-protection-44/drunk-elephant/umbre-tinte-physical-daily-defense-spf-30?cat=&cat_id=0&age_range=&skin_type=&skin_tone=&skin_undertone=&hair_texture=&hair_type=&order=newest&page=1"
"Sunscreen","Earth's Recipe Sun Gel SPF 50+ PA+++","3.2","12","50","349000","4","Earth's Recipe","https://reviews.femaledaily.com/products/moisturizer/sun-protection-44/earths-recipe/earths-recipe-sun-gel-spf-50-pa?cat=&cat_id=0&age_range=&skin_type=&skin_tone=&skin_undertone=&hair_texture=&hair_type=&order=newest&page=1"
"Sunscreen","UV CLEAR BROAD SPECTRUM SPF 46","5.0","10","46","399000","0","EltaMD","https://reviews.femaledaily.com/products/moisturizer/sun-protection-44/eltamd/uv-clear-broad-spectrum-spf-46?cat=&cat_id=0&age_range=&skin_type=&skin_tone=&skin_undertone=&hair_texture=&hair_type=&order=newest&page=1"
"Sunscreen","Sun Protection SPF 30 PA+++","3.6","14","30","399000","3","Emina","https://reviews.femaledaily.com/products/moisturizer/sun-protection-44/emina/sun-protection-spf-30-pa?cat=&cat_id=0&age_range=&skin_type=&skin_tone=&skin_undertone=&hair_texture=&hair_type=&order=newest&page=1"
"Sunscreen","Sun Battle SPF 30 PA +++","3.7","636","30","434976","3","Emina","https://reviews.femaledaily.com/products/moisturizer/sun-protection-44/emina/emina-sun-battle-spf-30-pa-1?cat=&cat_id=0&age_range=&skin_type=&skin_tone=&skin_undertone=&hair_texture=&hair_type=&order=newest&page=1"
"Sunscreen","Skin Buddy Sun Protection SPF 30 PA+++","3.9","209","30","299633","3","Emina","https://reviews.femaledaily.com/products/moisturizer/sun-protection-44/emina/skin-buddy-sun-protection-spf-30-pa-1?cat=&cat_id=0&age_range=&skin_type=&skin_tone=&skin_undertone=&hair_texture=&hair_type=&order=newest&page=1"
"Sunscreen","Sun Battle SPF 45 PA+++","3.1","177","45","199900","3","Emina","https://reviews.femaledaily.com/products/moisturizer/sun-protection-44/emina/sun-battle-spf-45-pa?cat=&cat_id=0&age_range=&skin_type=&skin_tone=&skin_undertone=&hair_texture=&hair_type=&order=newest&page=1"
"Sunscreen","Perfect Shield for Oily Skin SPF30 PA++","4.1","145","30","350000","2","ERHA","https://reviews.femaledaily.com/products/moisturizer/sun-protection-44/erha/perfect-shield-normal-to-oily-skin-1?cat=&cat_id=0&age_range=&skin_type=&skin_tone=&skin_undertone=&hair_texture=&hair_type=&order=newest&page=1"
"Sunscreen","Perfect Shield Helios Daily Sunscreen SPF 50 PA+++","3.9","109","50","480000","3","ERHA","https://reviews.femaledaily.com/products/moisturizer/sun-protection-44/erha/perfect-shield-helios-daily-sunscreen-spf-50-pa?cat=&cat_id=0&age_range=&skin_type=&skin_tone=&skin_undertone=&hair_texture=&hair_type=&order=newest&page=1"
"Sunscreen","Perfect Shield for Normal to Dry Skin SPF30 PA++","4.2","73","30","480000","2","ERHA","https://reviews.femaledaily.com/products/moisturizer/sun-protection-44/erha/perfect-shield-spf25pa-1?cat=&cat_id=0&age_range=&skin_type=&skin_tone=&skin_undertone=&hair_texture=&hair_type=&order=newest&page=1"
"Sunscreen","Re-Fresh Hydrating Sunscreen SPF 30 PA++ x AQUA","3.7","37","30","308000","2","ERHA","https://reviews.femaledaily.com/products/moisturizer/sun-protection-44/erha/erha-x-aqua-refresh-hydrating-sunscreen-spf-30-pa?cat=&cat_id=0&age_range=&skin_type=&skin_tone=&skin_undertone=&hair_texture=&hair_type=&order=newest&page=1"
"Sunscreen","Helios Water Resistant SPF50 PA++","4.0","21","50","986000","2","ERHA","https://reviews.femaledaily.com/products/moisturizer/sun-protection-44/erha/helios-water-resistant-spf50pa-1?cat=&cat_id=0&age_range=&skin_type=&skin_tone=&skin_undertone=&hair_texture=&hair_type=&order=newest&page=1"
"Sunscreen","Acne Protection Sunscreen SPF 45 PA+++","3.5","313","45","89000","3","ERHA Acneact","https://reviews.femaledaily.com/products/moisturizer/sun-protection-44/erha-acneact/sun-friendly-4?cat=&cat_id=0&age_range=&skin_type=&skin_tone=&skin_undertone=&hair_texture=&hair_type=&order=newest&page=1"
"Sunscreen","Perfectionist Pro Multi-Defense UV Fluid SPF 45","4.9","9","45","269000","0","Estee Lauder","https://reviews.femaledaily.com/products/moisturizer/sun-protection-44/estee-lauder/perfectionist-pro-multi-defense-uv-fluid-spf-45?cat=&cat_id=0&age_range=&skin_type=&skin_tone=&skin_undertone=&hair_texture=&hair_type=&order=newest&page=1"
"Sunscreen","Soonjung Mild Defence Sun Cream SPF 49 PA++","3.2","18","49","249000","2","Etude House","https://reviews.femaledaily.com/products/moisturizer/sun-protection-44/etude-house/etude-house-soon-jung-mild-defence-sun-cream-spf-49-pa?cat=&cat_id=0&age_range=&skin_type=&skin_tone=&skin_undertone=&hair_texture=&hair_type=&order=newest&page=1"
"Sunscreen","Sunprise Natural Corrector SPF50+/PA+++","4.7","9","50","108000","4","Etude House","https://reviews.femaledaily.com/products/moisturizer/sun-protection-44/etude-house/sunprise-natural-corrector-light-spf50pa?cat=&cat_id=0&age_range=&skin_type=&skin_tone=&skin_undertone=&hair_texture=&hair_type=&order=newest&page=1"
"Sunscreen","Purity Sun Essence SPF50+ PA++++","4.6","31","50","119000","5","Face Republic","https://reviews.femaledaily.com/products/moisturizer/sun-protection-44/face-republic/purity-sun-essence-spf50-pa?cat=&cat_id=0&age_range=&skin_type=&skin_tone=&skin_undertone=&hair_texture=&hair_type=&order=newest&page=1"
"Sunscreen","Probiotic Sun Cream SPF50+ PA++++","4.3","128","50","108000","5","First Lab","https://reviews.femaledaily.com/products/moisturizer/sun-protection-44/first-lab/probiotic-sun-cream-spf50-pa?cat=&cat_id=0&age_range=&skin_type=&skin_tone=&skin_undertone=&hair_texture=&hair_type=&order=newest&page=1"
"Sunscreen","Weightless Sunscreen SPF 50 PA++++","3.9","332","50","108000","4","For Skin's Sake (FSS)","https://reviews.femaledaily.com/products/moisturizer/sun-protection-44/for-skins-sake-fss/weightless-sunscreen-spf-50-pa-1?cat=&cat_id=0&age_range=&skin_type=&skin_tone=&skin_undertone=&hair_texture=&hair_type=&order=newest&page=1"
"Sunscreen","Velvet Sunscreen SPF 50 PA++++","4.4","39","50","336000","4","For Skin's Sake (FSS)","https://reviews.femaledaily.com/products/moisturizer/sun-protection-44/for-skins-sake-fss/velvet-sunscreen-spf-50-pa-50-ml-2?cat=&cat_id=0&age_range=&skin_type=&skin_tone=&skin_undertone=&hair_texture=&hair_type=&order=newest&page=1"
"Sunscreen","Daily Nutrition Cream SPF 18","3.3","38","18","287000","0","Gizi Cosmetics","https://reviews.femaledaily.com/products/moisturizer/sun-protection-44/gizi-cosmetics/daily-nutrition-cream-spf-18?cat=&cat_id=0&age_range=&skin_type=&skin_tone=&skin_undertone=&hair_texture=&hair_type=&order=newest&page=1"
"Sunscreen","Ultra Light Sunscreen Gel SPF50 PA+++","3.7","109","50","87000","3","Glad2Glow","https://reviews.femaledaily.com/products/moisturizer/sun-protection-44/glad2glow/ultra-light-sunscreen-gel-spf50-pa-1?cat=&cat_id=0&age_range=&skin_type=&skin_tone=&skin_undertone=&hair_texture=&hair_type=&order=newest&page=1"
"Sunscreen","Collagen Water Sunscreen SPF 50 PA++++","3.9","432","50","87000","4","Hanasui","https://reviews.femaledaily.com/products/moisturizer/sun-protection-44/hanasui/collagen-water-sunscreen-spf-50-pa?cat=&cat_id=0&age_range=&skin_type=&skin_tone=&skin_undertone=&hair_texture=&hair_type=&order=newest&page=1"
"Sunscreen","Collagen Water SPF 30+ PA+++","4.1","34","30","92000","4","Hanasui","https://reviews.femaledaily.com/products/moisturizer/sun-protection-44/hanasui/collagen-water-spf-30-pa-1?cat=&cat_id=0&age_range=&skin_type=&skin_tone=&skin_undertone=&hair_texture=&hair_type=&order=newest&page=1"
"Sunscreen","Sunstick SPF 39 PA ++++","4.3","9","39","93000","4","HAUM","https://reviews.femaledaily.com/products/moisturizer/sun-protection-44/haum/sunstick-spf-39-pa?cat=&cat_id=0&age_range=&skin_type=&skin_tone=&skin_undertone=&hair_texture=&hair_type=&order=newest&page=1"
"Sunscreen","VitaMild Daily Sun Milk SPF50+ PA++++","3.5","11","50","38000","5","Hayejin","https://reviews.femaledaily.com/products/moisturizer/sun-protection-44/hayejin/hayejin-vitamild-daily-sun-milk-spf50-pa?cat=&cat_id=0&age_range=&skin_type=&skin_tone=&skin_undertone=&hair_texture=&hair_type=&order=newest&page=1"
"Sunscreen","Moisture Daily Sun Lotion SPF 50+","4.7","11","50","53000","1","Histoire Naturelle","https://reviews.femaledaily.com/products/moisturizer/sun-protection-44/histoire-naturelle/moisture-daily-sun-lotion-spf-50?cat=&cat_id=0&age_range=&skin_type=&skin_tone=&skin_undertone=&hair_texture=&hair_type=&order=newest&page=1"
"Sunscreen","Honey Sun Protection SPF 50+/ PA +++","4.4","24","50","112000","4","I Trust Nature","https://reviews.femaledaily.com/products/moisturizer/sun-protection-44/i-trust-nature/honey-sun-protection-spf-50-pa?cat=&cat_id=0&age_range=&skin_type=&skin_tone=&skin_undertone=&hair_texture=&hair_type=&order=newest&page=1"
"Sunscreen","Perfect Shield Sunscreen SPF 40 PA++++","4.0","284","40","139000","4","Implora","https://reviews.femaledaily.com/products/moisturizer/sun-protection-44/implora/perfect-shield-sunscreen-spf-40-pa-2?cat=&cat_id=0&age_range=&skin_type=&skin_tone=&skin_undertone=&hair_texture=&hair_type=&order=newest&page=1"
"Sunscreen","Always Aqualite Sunscreen SPF 45 PA +++","4.0","43","45","375000","3","INNERTRUE","https://reviews.femaledaily.com/products/moisturizer/sun-protection-44/innertrue/innertrue-always-aqualite-sunscreen-spf-45-pa-1?cat=&cat_id=0&age_range=&skin_type=&skin_tone=&skin_undertone=&hair_texture=&hair_type=&order=newest&page=1"
"Sunscreen","Intensive Triple-shield Sunscreen SPF50+ PA++++","3.6","403","50","375000","5","Innisfree","https://reviews.femaledaily.com/products/moisturizer/sun-protection-44/innisfree/perfect-uv-protection-cream-2?cat=&cat_id=0&age_range=&skin_type=&skin_tone=&skin_undertone=&hair_texture=&hair_type=&order=newest&page=1"
"Sunscreen","Perfect UV Protection Cream Long Lasting SPF 50+ PA+++ for Oily Skin","4.0","99","50","159000","4","Innisfree","https://reviews.femaledaily.com/products/moisturizer/sun-protection-44/innisfree/perfect-uv-protection-cream-long-lasting-spf-51?cat=&cat_id=0&age_range=&skin_type=&skin_tone=&skin_undertone=&hair_texture=&hair_type=&order=newest&page=1"
"Sunscreen","Eco Safety Perfect Sunblock SPF 50","4.1","71","50","69000","0","Innisfree","https://reviews.femaledaily.com/products/moisturizer/sun-protection-44/innisfree/eco-safety-perfect-sunblock-1?cat=&cat_id=0&age_range=&skin_type=&skin_tone=&skin_undertone=&hair_texture=&hair_type=&order=newest&page=1"
"Sunscreen","Daily Mild Sunscreen SPF50+ PA++++ 50ml","4.3","69","50","130000","5","Innisfree","https://reviews.femaledaily.com/products/moisturizer/sun-protection-44/innisfree/daily-mild-sunscreen-spf50-pa-50ml?cat=&cat_id=0&age_range=&skin_type=&skin_tone=&skin_undertone=&hair_texture=&hair_type=&order=newest&page=1"
"Sunscreen","Intensive Long-Lasting Sunscreen SPF 50+/PA++++","4.1","51","50","89000","5","Innisfree","https://reviews.femaledaily.com/products/moisturizer/sun-protection-44/innisfree/intensive-long-lasting-sunscreen-spf-50pa?cat=&cat_id=0&age_range=&skin_type=&skin_tone=&skin_undertone=&hair_texture=&hair_type=&order=newest&page=1"
"Sunscreen","Aqua UV Protection Cream Water Drop SPF 50+ PA++++","4.0","23","50","49000","5","Innisfree","https://reviews.femaledaily.com/products/moisturizer/sun-protection-44/innisfree/aqua-uv-protection-cream-spf-50-pa-1?cat=&cat_id=0&age_range=&skin_type=&skin_tone=&skin_undertone=&hair_texture=&hair_type=&order=newest&page=1"
"Sunscreen","Perfect UV Protection Cream Long Lasting SPF50+/PA+++","3.9","12","50","490000","4","Innisfree","https://reviews.femaledaily.com/products/moisturizer/sun-protection-44/innisfree/perfect-uv-protection-cream-long-lasting-spf50pa-for-dry-skin-2?cat=&cat_id=0&age_range=&skin_type=&skin_tone=&skin_undertone=&hair_texture=&hair_type=&order=newest&page=1"
"Sunscreen","Eco Safety Perfect Sunblock SPF 50","4.2","11","50","598000","0","Innisfree","https://reviews.femaledaily.com/products/moisturizer/sun-protection-44/innisfree/eco-safety-perfect-sunblock-spf-50?cat=&cat_id=0&age_range=&skin_type=&skin_tone=&skin_undertone=&hair_texture=&hair_type=&order=newest&page=1"
"Sunscreen","UV Shield Sun Protector EX SPF50+ PA++++","4.6","10","50","210000","5","IOPE","https://reviews.femaledaily.com/products/moisturizer/sun-protection-44/iope/uv-shield-sun-protector-ex-spf50-pa?cat=&cat_id=0&age_range=&skin_type=&skin_tone=&skin_undertone=&hair_texture=&hair_type=&order=newest&page=1"
"Sunscreen","Blur Effect UV Protector : Hybrid Sunscreen SPF 50 PA++++","4.9","266","50","36000","4","Jacquelle","https://reviews.femaledaily.com/products/moisturizer/sun-protection-44/jacquelle/blur-effect-uv-protector-hybrid-sunscreen-spf-50-pa-2?cat=&cat_id=0&age_range=&skin_type=&skin_tone=&skin_undertone=&hair_texture=&hair_type=&order=newest&page=1"
"Sunscreen","Royal Boost Cover Me Sunscreen Broad Spectrum SPF 30","3.8","34","30","335000","0","Jafra","https://reviews.femaledaily.com/products/moisturizer/sun-protection-44/jafra/cover-me-sunscreen-spf-30?cat=&cat_id=0&age_range=&skin_type=&skin_tone=&skin_undertone=&hair_texture=&hair_type=&order=newest&page=1"
"Sunscreen","Royal Jelly Solar Protection Fluid Broad Spectrum SPF 50","4.2","15","50","252000","0","Jafra","https://reviews.femaledaily.com/products/moisturizer/sun-protection-44/jafra/royal-jelly-solar-protection-fluid-broad-spectrum-spf-50?cat=&cat_id=0&age_range=&skin_type=&skin_tone=&skin_undertone=&hair_texture=&hair_type=&order=newest&page=1"
"Sunscreen","Luna Bright Whitening Daily Protector Broad Spectrum SPF 30","4.3","11","30","295000","0","Jafra","https://reviews.femaledaily.com/products/moisturizer/sun-protection-44/jafra/luna-white-whitening-daily-protector-broad-spectrum-spf-30?cat=&cat_id=0&age_range=&skin_type=&skin_tone=&skin_undertone=&hair_texture=&hair_type=&order=newest&page=1"
"Sunscreen","Sun Face Sunscreen Broad Spectrum SPF 50","2.9","11","50","158000","0","Jafra","https://reviews.femaledaily.com/products/moisturizer/sun-protection-44/jafra/Sun-Face-Sunscreen-Broad-Spectrum-SPF-50?cat=&cat_id=0&age_range=&skin_type=&skin_tone=&skin_undertone=&hair_texture=&hair_type=&order=newest&page=1"
"Sunscreen","Royal Boost Play It Sunscreen Broad Spectrum Spf 30","4.3","9","30","160000","0","Jafra","https://reviews.femaledaily.com/products/moisturizer/sun-protection-44/jafra/royal-boost-play-it-sunscreen-broad-spectrum-spf-30?cat=&cat_id=0&age_range=&skin_type=&skin_tone=&skin_undertone=&hair_texture=&hair_type=&order=newest&page=1"
"Sunscreen","I Love Sun-Day SPF 50 PA+++","3.6","103","50","180000","3","Joylab","https://reviews.femaledaily.com/products/moisturizer/sun-protection-44/joylab/i-love-sun-day-sunscreen-50pa-1?cat=&cat_id=0&age_range=&skin_type=&skin_tone=&skin_undertone=&hair_texture=&hair_type=&order=newest&page=1"
"Sunscreen","Aqua Sun-Day SPF 50 PA++","4.0","77","50","165000","2","Joylab","https://reviews.femaledaily.com/products/moisturizer/sun-protection-44/joylab/aqua-sun-day-spf-50-pa?cat=&cat_id=0&age_range=&skin_type=&skin_tone=&skin_undertone=&hair_texture=&hair_type=&order=newest&page=1"
"Sunscreen","Brighter Sun Day SPF 50 PA++","4.0","76","50","165000","2","Joylab","https://reviews.femaledaily.com/products/moisturizer/sun-protection-44/joylab/brighter-sunday-spf-50-pa?cat=&cat_id=0&age_range=&skin_type=&skin_tone=&skin_undertone=&hair_texture=&hair_type=&order=newest&page=1"
"Sunscreen","Everyday is Sun-Day SPF 30 PA++","4.0","56","30","299000","2","Joylab","https://reviews.femaledaily.com/products/moisturizer/sun-protection-44/joylab/everyday-is-sun-day-spf-30-pa?cat=&cat_id=0&age_range=&skin_type=&skin_tone=&skin_undertone=&hair_texture=&hair_type=&order=newest&page=1"
"Sunscreen","Waterfull Hyaluronic Acid Sunscreen SPF50+ PA++++","3.9","17","50","499000","5","Jumiso","https://reviews.femaledaily.com/products/moisturizer/sun-protection-44/jumiso/waterfull-hyaluronic-acid-sunscreen-spf50-pa?cat=&cat_id=0&age_range=&skin_type=&skin_tone=&skin_undertone=&hair_texture=&hair_type=&order=newest&page=1"
"Sunscreen","Impress IC Brightening Sun Protector SPF 50","4.4","17","50","554000","0","Kanebo","https://reviews.femaledaily.com/products/moisturizer/sun-protection-44/kanebo/impress-ic?cat=&cat_id=0&age_range=&skin_type=&skin_tone=&skin_undertone=&hair_texture=&hair_type=&order=newest&page=1"
"Sunscreen","Essential Brightening UV Skin Oasis SPF 50 PA +++","4.1","277","50","554000","3","Khalisa","https://reviews.femaledaily.com/products/moisturizer/sun-protection-44/khalisa/essential-brightening-uv-skin-oasis-spf-50-pa?cat=&cat_id=0&age_range=&skin_type=&skin_tone=&skin_undertone=&hair_texture=&hair_type=&order=newest&page=1"
"Sunscreen","Essential Brightening UV Skin Oasis SPF 50+ PA++++","4.9","10","50","170000","5","Khalisa","https://reviews.femaledaily.com/products/moisturizer/sun-protection-44/khalisa/essential-brightening-uv-skin-oasis-spf-50-pa-pink-blush?cat=&cat_id=0&age_range=&skin_type=&skin_tone=&skin_undertone=&hair_texture=&hair_type=&order=newest&page=1"
"Sunscreen","Ultra Light Daily UV Defense SPF 50 PA+++","3.9","220","50","430000","3","Kiehl's","https://reviews.femaledaily.com/products/moisturizer/sun-protection-44/kiehls/ultra-light-daily-uv-defense-spf-50?cat=&cat_id=0&age_range=&skin_type=&skin_tone=&skin_undertone=&hair_texture=&hair_type=&order=newest&page=1"
"Sunscreen","Ultra Light Daily UV Defense Mineral Sunscreen SPF50 PA+++","3.8","32","50","255000","3","Kiehl's","https://reviews.femaledaily.com/products/moisturizer/sun-protection-44/kiehls/ultra-light-daily-uv-defense-mineral-sunscreen?cat=&cat_id=0&age_range=&skin_type=&skin_tone=&skin_undertone=&hair_texture=&hair_type=&order=newest&page=1"
"Sunscreen","Face Sunblock SPF 50","4.0","19","50","89000","0","Kojie San","https://reviews.femaledaily.com/products/moisturizer/sun-protection-44/kojie-san/kojiesan-sunblock-spf-50-face-1?cat=&cat_id=0&age_range=&skin_type=&skin_tone=&skin_undertone=&hair_texture=&hair_type=&order=newest&page=1"
"Sunscreen","Sekkisei White UV Gel SPF 50+/PA+++","4.1","11","50","89000","4","KOSE","https://reviews.femaledaily.com/products/moisturizer/sun-protection-44/kose/kose-white-uv-gel?cat=&cat_id=0&age_range=&skin_type=&skin_tone=&skin_undertone=&hair_texture=&hair_type=&order=newest&page=1"
"Sunscreen","Suncut UV Protect Gel SPF 50+ PA++++","4.2","66","50","89000","5","KOSE Cosmeport","https://reviews.femaledaily.com/products/moisturizer/sun-protection-44/kose-cosmeport/kose-cosmeport-suncut-waterproof-1?cat=&cat_id=0&age_range=&skin_type=&skin_tone=&skin_undertone=&hair_texture=&hair_type=&order=newest&page=1"
"Sunscreen","Suncut Tone Up UV Essence SPF 50+ PA++++","4.6","12","50","177000","5","KOSE Cosmeport","https://reviews.femaledaily.com/products/moisturizer/sun-protection-44/kose-cosmeport/suncut-tone-up-uv-spf-50-pa-60?cat=&cat_id=0&age_range=&skin_type=&skin_tone=&skin_undertone=&hair_texture=&hair_type=&order=newest&page=1"
"Sunscreen","Suncut UV Protect Spray SPF 50","3.9","9","50","429000","0","KOSE Cosmeport","https://reviews.femaledaily.com/products/moisturizer/sun-protection-44/kose-cosmeport/suncut-uv-protect-spray-spf-50-pa-1?cat=&cat_id=0&age_range=&skin_type=&skin_tone=&skin_undertone=&hair_texture=&hair_type=&order=newest&page=1"
"Sunscreen","Effortless Sunscreen SPF 50","4.4","15","50","299000","0","Kymm Skin","https://reviews.femaledaily.com/products/moisturizer/sun-protection-44/kymm-skin/effortless-sunscreen-spf-51?cat=&cat_id=0&age_range=&skin_type=&skin_tone=&skin_undertone=&hair_texture=&hair_type=&order=newest&page=1"
"Sunscreen","UV Perfect Matte & Fresh Long UV SPF 50/ PA++++","3.7","3","50","299000","4","L'Oreal Paris","https://reviews.femaledaily.com/products/moisturizer/sun-protection-44/loreal-paris/uv-perfect-matte-and-fresh-long-uv-spf-50-pa?cat=&cat_id=0&age_range=&skin_type=&skin_tone=&skin_undertone=&hair_texture=&hair_type=&order=newest&page=1"
"Sunscreen","UV Defender Invisible Fluid Sunscreen SPF50+ PA++++","4.3","548","50","429000","5","L'Oreal Paris","https://reviews.femaledaily.com/products/moisturizer/sun-protection-44/loreal-paris/uv-defender-invisible-fluid-sunscreen-spf50-pa-2?cat=&cat_id=0&age_range=&skin_type=&skin_tone=&skin_undertone=&hair_texture=&hair_type=&order=newest&page=1"
"Sunscreen","UV Perfect Aqua Essence Advanced Watery Gel SPF 50+ PA ++++","4.4","280","50","429000","5","L'Oreal Paris","https://reviews.femaledaily.com/products/moisturizer/sun-protection-44/loreal-paris/uv-perfect-aqua-essence-ha-1?cat=&cat_id=0&age_range=&skin_type=&skin_tone=&skin_undertone=&hair_texture=&hair_type=&order=newest&page=1"
"Sunscreen","UV Perfect Super Aqua Essence SPF50 PA++++","4.5","248","50","355000","4","L'Oreal Paris","https://reviews.femaledaily.com/products/moisturizer/sun-protection-44/loreal-paris/uv-perfect-spf50-pa-1?cat=&cat_id=0&age_range=&skin_type=&skin_tone=&skin_undertone=&hair_texture=&hair_type=&order=newest&page=1"
"Sunscreen","UV Defender Sun-Repair Invisible Serum SPF 50+ PA++++","4.7","157","50","315000","5","L'Oreal Paris","https://reviews.femaledaily.com/products/moisturizer/sun-protection-44/loreal-paris/uv-defender-sun-repair-invisible-serum-spf-50-pa-2?cat=&cat_id=0&age_range=&skin_type=&skin_tone=&skin_undertone=&hair_texture=&hair_type=&order=newest&page=1"
"Sunscreen","UV Perfect Instant White SPF50","3.8","141","50","330000","0","L'Oreal Paris","https://reviews.femaledaily.com/products/moisturizer/sun-protection-44/loreal-paris/loreal-uv-perfect-instant-white-spf50?cat=&cat_id=0&age_range=&skin_type=&skin_tone=&skin_undertone=&hair_texture=&hair_type=&order=newest&page=1"
"Sunscreen","UV Perfect Aqua Essence City Face Mist SPF50+ PA++++","3.8","100","50","169000","5","L'Oreal Paris","https://reviews.femaledaily.com/products/moisturizer/sun-protection-44/loreal-paris/uv-perfect-aqua-essence-city-mist-spf50pa-1?cat=&cat_id=0&age_range=&skin_type=&skin_tone=&skin_undertone=&hair_texture=&hair_type=&order=newest&page=1"
"Sunscreen","UV Perfect Transparent SPF 50+ | PA ++++","3.9","97","50","285000","5","L'Oreal Paris","https://reviews.femaledaily.com/products/moisturizer/sun-protection-44/loreal-paris/loreal-paris-uv-perfect-spf-50-or-pa?cat=&cat_id=0&age_range=&skin_type=&skin_tone=&skin_undertone=&hair_texture=&hair_type=&order=newest&page=1"
"Sunscreen","UV Perfect Anti-Dullness SPF 50+ PA++++","3.5","55","50","250000","5","L'Oreal Paris","https://reviews.femaledaily.com/products/moisturizer/sun-protection-44/loreal-paris/uv-perfect-spf-52?cat=&cat_id=0&age_range=&skin_type=&skin_tone=&skin_undertone=&hair_texture=&hair_type=&order=newest&page=1"
"Sunscreen","Daily UV Counter Gel SPF 50++","4.3","104","50","285000","2","Lacoco","https://reviews.femaledaily.com/products/moisturizer/sun-protection-44/lacoco/lacoco-daily-uv-counter-gel-spf-50?cat=&cat_id=0&age_range=&skin_type=&skin_tone=&skin_undertone=&hair_texture=&hair_type=&order=newest&page=1"
"Sunscreen","Watery Sun Cream SPF 50+ PA++++","4.1","113","50","222000","5","Laneige","https://reviews.femaledaily.com/products/moisturizer/sun-protection-44/laneige/laneige-watery-sun-cream?cat=&cat_id=0&age_range=&skin_type=&skin_tone=&skin_undertone=&hair_texture=&hair_type=&order=newest&page=1"
"Sunscreen","Light Sun Fluid SPF 50+ PA+++","4.0","36","50","312500","4","Laneige","https://reviews.femaledaily.com/products/moisturizer/sun-protection-44/laneige/light-sun-fluid?cat=&cat_id=0&age_range=&skin_type=&skin_tone=&skin_undertone=&hair_texture=&hair_type=&order=newest&page=1"
"Sunscreen","White Dew Tone Up FluidSPF35 PA++","4.1","14","35","214500","2","Laneige","https://reviews.femaledaily.com/products/moisturizer/sun-protection-44/laneige/white-dew-tone-up-fluid-spf35-pa?cat=&cat_id=0&age_range=&skin_type=&skin_tone=&skin_undertone=&hair_texture=&hair_type=&order=newest&page=1"
"Sunscreen","Air Light Sun Stick SPF50+ PA+++","4.6","11","50","320000","4","Laneige","https://reviews.femaledaily.com/products/moisturizer/sun-protection-44/laneige/air-light-sun-stick-spf50-pa-03?cat=&cat_id=0&age_range=&skin_type=&skin_tone=&skin_undertone=&hair_texture=&hair_type=&order=newest&page=1"
"Sunscreen","Sun Protection Stick SPF 38 PA++++","4.2","9","38","135000","4","LT PRO","https://reviews.femaledaily.com/products/moisturizer/sun-protection-44/lt-pro/sun-protection-stick?cat=&cat_id=0&age_range=&skin_type=&skin_tone=&skin_undertone=&hair_texture=&hair_type=&order=newest&page=1"
"Sunscreen","Hydrasmooth Sunscreen Gel SPF 45+ PA++++","4.6","15","45","330000","5","Lysca","https://reviews.femaledaily.com/products/moisturizer/sun-protection-44/lysca/hydrasmoth-suncreen-ge-3?cat=&cat_id=0&age_range=&skin_type=&skin_tone=&skin_undertone=&hair_texture=&hair_type=&order=newest&page=1"
"Sunscreen","Madame Protect Me Let's Glow Tinted Sunscreen SPF 50 PA ++++","4.0","22","50","220000","4","Madame Gie","https://reviews.femaledaily.com/products/moisturizer/sun-protection-44/madame-gie/madame-protect-me-lets-glow-tinted-sunscreen-spf-50-pa?cat=&cat_id=0&age_range=&skin_type=&skin_tone=&skin_undertone=&hair_texture=&hair_type=&order=newest&page=1"
"Sunscreen","Madame Protect Me SPF 50 PA ++++","3.3","12","50","110000","4","Madame Gie","https://reviews.femaledaily.com/products/moisturizer/sun-protection-44/madame-gie/madame-protect-me-spf-50-pa?cat=&cat_id=0&age_range=&skin_type=&skin_tone=&skin_undertone=&hair_texture=&hair_type=&order=newest&page=1"
"Sunscreen","Protect Me Spray Sunscreen SPF 50+ PA++++","4.3","12","50","60600","5","Madame Gie","https://reviews.femaledaily.com/products/moisturizer/sun-protection-44/madame-gie/protect-me-spray-sunscreen-spf-50-pa-1?cat=&cat_id=0&age_range=&skin_type=&skin_tone=&skin_undertone=&hair_texture=&hair_type=&order=newest&page=1"
"Sunscreen","Madame Protect Me Let's Glow Tinted Sunscreen SPF 50 PA ++++","4.4","10","50","125000","4","Madame Gie","https://reviews.femaledaily.com/products/moisturizer/sun-protection-44/madame-gie/madame-protect-me-lets-glow-tinted-sunscreen-spf-50-pa-1?cat=&cat_id=0&age_range=&skin_type=&skin_tone=&skin_undertone=&hair_texture=&hair_type=&order=newest&page=1"
"Sunscreen","Daily Protection Face Moisturizer SPF 25","4.2","24","25","36500","0","Mama's Choice","https://reviews.femaledaily.com/products/moisturizer/sun-protection-44/mamas-choice/daily-protection-face-moisturizer-spf-26?cat=&cat_id=0&age_range=&skin_type=&skin_tone=&skin_undertone=&hair_texture=&hair_type=&order=newest&page=1"
"Sunscreen","Face UV Protector SPF 30 PA++","3.1","98","30","100800","2","Melanox","https://reviews.femaledaily.com/products/moisturizer/sun-protection-44/melanox/face-uv-protector-spf-30-pa?cat=&cat_id=0&age_range=&skin_type=&skin_tone=&skin_undertone=&hair_texture=&hair_type=&order=newest&page=1"
"Sunscreen","Missha safe block aqua sun gel SPF 50+ PA++++","4.7","43","50","70200","5","Missha","https://reviews.femaledaily.com/products/moisturizer/sun-protection-44/missha/missha-safe-block-aqua-sun-gel-spf-50-pa?cat=&cat_id=0&age_range=&skin_type=&skin_tone=&skin_undertone=&hair_texture=&hair_type=&order=newest&page=1"
"Sunscreen","All Around Safe Block Essence Sun SPF45/PA+++","4.2","27","45","90900","3","Missha","https://reviews.femaledaily.com/products/moisturizer/sun-protection-44/missha/missha-all-around-safe-block-essence-sun-spf45pa-2?cat=&cat_id=0&age_range=&skin_type=&skin_tone=&skin_undertone=&hair_texture=&hair_type=&order=newest&page=1"
"Sunscreen","Missha Daily Sun SPF 50 PA+++","4.1","10","50","70200","3","Missha","https://reviews.femaledaily.com/products/moisturizer/sun-protection-44/missha/missha-daily-sun-spf-50-pa?cat=&cat_id=0&age_range=&skin_type=&skin_tone=&skin_undertone=&hair_texture=&hair_type=&order=newest&page=1"
"Sunscreen","Fresh Herb Origin Sun Block SPF 50+ PA++++","4.3","147","50","125000","5","NACIFIC","https://reviews.femaledaily.com/products/moisturizer/sun-protection-44/nacific/nacific-fresh-herb-origin-sun-block?cat=&cat_id=0&age_range=&skin_type=&skin_tone=&skin_undertone=&hair_texture=&hair_type=&order=newest&page=1"
"Sunscreen","Namu Life Snail White Sun Screen Spf50+ / PA+++","4.4","11","50","135600","4","Namu Life","https://reviews.femaledaily.com/products/moisturizer/sun-protection-44/namu-life/namu-life-snail-white-sun-screen-spf50-pa?cat=&cat_id=0&age_range=&skin_type=&skin_tone=&skin_undertone=&hair_texture=&hair_type=&order=newest&page=1"
"Sunscreen","California Aloe Fresh Powdery Sunstick SPF50+ PA++++","4.5","66","50","140400","5","Nature Republic","https://reviews.femaledaily.com/products/moisturizer/sun-protection-44/nature-republic/sun-stick?cat=&cat_id=0&age_range=&skin_type=&skin_tone=&skin_undertone=&hair_texture=&hair_type=&order=newest&page=1"
"Sunscreen","Ice Sun Puff Spf 50++/PA++++","3.6","41","50","111700","6","Nature Republic","https://reviews.femaledaily.com/products/moisturizer/sun-protection-44/nature-republic/Ice-Sun-Puff-Spf-50PA?cat=&cat_id=0&age_range=&skin_type=&skin_tone=&skin_undertone=&hair_texture=&hair_type=&order=newest&page=1"
"Sunscreen","Perfect Sun Block SPF50+ PA++++","3.9","30","50","173500","5","Nature Republic","https://reviews.femaledaily.com/products/moisturizer/sun-protection-44/nature-republic/Perfect-Sun-Block-SPF50-PA?cat=&cat_id=0&age_range=&skin_type=&skin_tone=&skin_undertone=&hair_texture=&hair_type=&order=newest&page=1"
"Sunscreen","California Aloe Daily Sun Block SPF50+ PA++++","3.7","24","50","230000","5","Nature Republic","https://reviews.femaledaily.com/products/moisturizer/sun-protection-44/nature-republic/california-aloe-daily-sun-block-spf50-pa?cat=&cat_id=0&age_range=&skin_type=&skin_tone=&skin_undertone=&hair_texture=&hair_type=&order=newest&page=1"
"Sunscreen","California Aloe Aqua Sun Stick SPF50+ PA++++","4.1","13","50","181800","5","Nature Republic","https://reviews.femaledaily.com/products/moisturizer/sun-protection-44/nature-republic/california-aloe-aqua-sun-stick-spf50-pa?cat=&cat_id=0&age_range=&skin_type=&skin_tone=&skin_undertone=&hair_texture=&hair_type=&order=newest&page=1"
"Sunscreen","California Aloe Sun Liquid SPF 50+ SPF++++","4.7","13","50","159000","5","Nature Republic","https://reviews.femaledaily.com/products/moisturizer/sun-protection-44/nature-republic/nature-republic-california-aloe-sun-liquid-spf-50-spf?cat=&cat_id=0&age_range=&skin_type=&skin_tone=&skin_undertone=&hair_texture=&hair_type=&order=newest&page=1"
"Sunscreen","Ultra Sheer Dry - Touch Sunscreen SPF 50+","4.2","27","50","111700","1","Neutrogena","https://reviews.femaledaily.com/products/moisturizer/sun-protection-44/neutrogena/ultra-sheer-dry-touch-sunscreen-spf-50-pa?cat=&cat_id=0&age_range=&skin_type=&skin_tone=&skin_undertone=&hair_texture=&hair_type=&order=newest&page=1"
"Sunscreen","Neutrogena Sheer Zinc Face Dry Touch spf 50","3.8","22","50","130800","0","Neutrogena","https://reviews.femaledaily.com/products/moisturizer/sun-protection-44/neutrogena/neutrogena-sheer-zinc-face-dry-touch-spf-50?cat=&cat_id=0&age_range=&skin_type=&skin_tone=&skin_undertone=&hair_texture=&hair_type=&order=newest&page=1"
"Sunscreen","Hydro Boost Water Gel Lotion Sunscreen SPF 50","3.0","10","50","201600","0","Neutrogena","https://reviews.femaledaily.com/products/moisturizer/sun-protection-44/neutrogena/hydro-boost-water-gel-lotion-sunscreen-spf-50?cat=&cat_id=0&age_range=&skin_type=&skin_tone=&skin_undertone=&hair_texture=&hair_type=&order=newest&page=1"
"Sunscreen","Sun Protect & White Oil Control Serum SPF 50+","3.9","2","50","120000","1","NIVEA","https://reviews.femaledaily.com/products/moisturizer/sun-protection-44/nivea/sun-protect-and-white-oil-control-serum-spf50-pa?cat=&cat_id=0&age_range=&skin_type=&skin_tone=&skin_undertone=&hair_texture=&hair_type=&order=newest&page=1"
"Sunscreen","Sun Protect & White Serum Instant Aura SPF 50+","3.9","1","50","159000","1","NIVEA","https://reviews.femaledaily.com/products/moisturizer/sun-protection-44/nivea/nivea-sun-protect-and-white-serum?cat=&cat_id=0&age_range=&skin_type=&skin_tone=&skin_undertone=&hair_texture=&hair_type=&order=newest&page=1"
"Sunscreen","Sun Face Protect & Moisture SPF 50","3.1","112","50","120900","0","NIVEA","https://reviews.femaledaily.com/products/moisturizer/sun-protection-44/nivea/face-sun-block-moisturising-cream-collagen-protect?cat=&cat_id=0&age_range=&skin_type=&skin_tone=&skin_undertone=&hair_texture=&hair_type=&order=newest&page=1"
"Sunscreen","Sun Face Protect and White SPF 50","3.0","56","50","282300","0","NIVEA","https://reviews.femaledaily.com/products/moisturizer/sun-protection-44/nivea/nivea-sun-protect-and-white-spf-50?cat=&cat_id=0&age_range=&skin_type=&skin_tone=&skin_undertone=&hair_texture=&hair_type=&order=newest&page=1"
"Sunscreen","Sun Extra Protect C&E SPF50 PA+++","3.4","36","50","121200","3","NIVEA","https://reviews.femaledaily.com/products/moisturizer/sun-protection-44/nivea/sun-extra-protect-cande-spf50-pa?cat=&cat_id=0&age_range=&skin_type=&skin_tone=&skin_undertone=&hair_texture=&hair_type=&order=newest&page=1"
"Sunscreen","Triple Protect Hokkaido Rose SPF50+ PA+++","4.1","35","50","125700","4","NIVEA","https://reviews.femaledaily.com/products/moisturizer/sun-protection-44/nivea/triple-protect-hokkaido-rose-spf50-pa?cat=&cat_id=0&age_range=&skin_type=&skin_tone=&skin_undertone=&hair_texture=&hair_type=&order=newest&page=1"
"Sunscreen","Sun Face Serum Triple Protect Anti Wrinkle SPF 50 PA+++","4.3","32","50","79000","3","NIVEA","https://reviews.femaledaily.com/products/moisturizer/sun-protection-44/nivea/sun-face-serum-triple-protect-anti-wrinkle-spf-50-pa-anti-wrinkle-1?cat=&cat_id=0&age_range=&skin_type=&skin_tone=&skin_undertone=&hair_texture=&hair_type=&order=newest&page=1"
"Sunscreen","Sun Super Gel SPF 50++","4.7","23","50","132090","2","NIVEA","https://reviews.femaledaily.com/products/moisturizer/sun-protection-44/nivea/nivea-sun-super-gel-spf-50?cat=&cat_id=0&age_range=&skin_type=&skin_tone=&skin_undertone=&hair_texture=&hair_type=&order=newest&page=1"
"Sunscreen","Sun Face Serum Triple Protect Acne Oil Control SPF50 PA+++","3.7","15","50","119000","3","NIVEA","https://reviews.femaledaily.com/products/moisturizer/sun-protection-44/nivea/sun-face-serum-triple-protect-acne-oil-control-spf50-pa-acne-oil-control-1?cat=&cat_id=0&age_range=&skin_type=&skin_tone=&skin_undertone=&hair_texture=&hair_type=&order=newest&page=1"
"Sunscreen","Luminous 630 Spotclear Sun Protect SPF 50 PA+++","4.7","13","30","119000","3","NIVEA","https://reviews.femaledaily.com/products/moisturizer/sun-protection-44/nivea/luminous-630-spotclear-sun-protect-spf-50-pa-2?cat=&cat_id=0&age_range=&skin_type=&skin_tone=&skin_undertone=&hair_texture=&hair_type=&order=newest&page=1"
"Sunscreen","Spray Protect & Refresh Cooling Sun Mist SPF50","3.7","13","50","229000","0","NIVEA","https://reviews.femaledaily.com/products/moisturizer/sun-protection-44/nivea/spray-protect-and-refresh-cooling-sun-mist-spf50?cat=&cat_id=0&age_range=&skin_type=&skin_tone=&skin_undertone=&hair_texture=&hair_type=&order=newest&page=1"
"Sunscreen","Sun Protect Water Gel SPF 50","4.6","9","50","229000","0","NIVEA","https://reviews.femaledaily.com/products/moisturizer/sun-protection-44/nivea/sun-protect-water-gel?cat=&cat_id=0&age_range=&skin_type=&skin_tone=&skin_undertone=&hair_texture=&hair_type=&order=newest&page=1"
"Sunscreen","The Perfect Shield Sunscreen SPF 50 PA++++","4.7","71","50","30000","4","Noera by Reisha","https://reviews.femaledaily.com/products/moisturizer/sun-protection-44/noera-by-reisha/noera-the-perfect-shield-sunscreen-spf-50-pa?cat=&cat_id=0&age_range=&skin_type=&skin_tone=&skin_undertone=&hair_texture=&hair_type=&order=newest&page=1"
"Sunscreen","Cover Me Sun Shield SPF 30 PA+++","4.0","93","30","55000","3","NuFace","https://reviews.femaledaily.com/products/moisturizer/sun-protection-44/nuface/nuface-cover-me-sun-shield-spf-30-pa-1?cat=&cat_id=0&age_range=&skin_type=&skin_tone=&skin_undertone=&hair_texture=&hair_type=&order=newest&page=1"
"Sunscreen","Cover Me Sun Shield SPF 50 PA++++","4.3","40","50","31950","4","NuFace","https://reviews.femaledaily.com/products/moisturizer/sun-protection-44/nuface/nuface-cover-me-sun-shield-spf-50-pa-1?cat=&cat_id=0&age_range=&skin_type=&skin_tone=&skin_undertone=&hair_texture=&hair_type=&order=newest&page=1"
"Sunscreen","Cover Me Sun Shield Tone Up SPF 30 PA+++","3.5","31","30","33800","3","NuFace","https://reviews.femaledaily.com/products/moisturizer/sun-protection-44/nuface/nuface-cover-me-sun-shield-tone-up-spf-30-pa-1?cat=&cat_id=0&age_range=&skin_type=&skin_tone=&skin_undertone=&hair_texture=&hair_type=&order=newest&page=1"
"Sunscreen","Novage Day Shield SPF 50/ PA ++++","4.6","14","50","260000","4","Oriflame","https://reviews.femaledaily.com/products/moisturizer/sun-protection-44/oriflame/novage-day-shield-spf-50-pa?cat=&cat_id=0&age_range=&skin_type=&skin_tone=&skin_undertone=&hair_texture=&hair_type=&order=newest&page=1"
"Sunscreen","SUN ZONE WHITENING UVA UVB LOTION SPF 30","3.2","13","30","450000","0","Oriflame","https://reviews.femaledaily.com/products/moisturizer/sun-protection-44/oriflame/sun-zone-whitening-uva-uvb-lotion-spf-30?cat=&cat_id=0&age_range=&skin_type=&skin_tone=&skin_undertone=&hair_texture=&hair_type=&order=newest&page=1"
"Sunscreen","Face Sunblock Cream SPF 33","3.4","416","33","190000","0","Parasol","https://reviews.femaledaily.com/products/moisturizer/sun-protection-44/parasol/parasol-spf-33?cat=&cat_id=0&age_range=&skin_type=&skin_tone=&skin_undertone=&hair_texture=&hair_type=&order=newest&page=1"
"Sunscreen","Face Sunscreen Cream SPF 30","3.6","121","30","340000","0","Parasol","https://reviews.femaledaily.com/products/moisturizer/sun-protection-44/parasol/face-sunblock-cream-81?cat=&cat_id=0&age_range=&skin_type=&skin_tone=&skin_undertone=&hair_texture=&hair_type=&order=newest&page=1"
"Sunscreen","HeliaTech Sunscreen Lotion SPF 45 PA++","4.3","48","45","340000","2","Parasol","https://reviews.femaledaily.com/products/moisturizer/sun-protection-44/parasol/heliatech-sunscreen-lotion-spf-45-pa?cat=&cat_id=0&age_range=&skin_type=&skin_tone=&skin_undertone=&hair_texture=&hair_type=&order=newest&page=1"
"Sunscreen","Resist Super-Light Wrinkle Defense SPF 30","4.0","14","30","199000","0","Paula's Choice","https://reviews.femaledaily.com/products/moisturizer/sun-protection-44/paulas-choice/resist-super-light-wrinkle-defense-spf-30?cat=&cat_id=0&age_range=&skin_type=&skin_tone=&skin_undertone=&hair_texture=&hair_type=&order=newest&page=1"
"Sunscreen","Everyday Sunscreen SPF 35/PA+++","4.1","134","35","1200000","3","Pigeon Teens","https://reviews.femaledaily.com/products/moisturizer/sun-protection-44/pigeon-teens/teens-everyday-sunscreen-spf-35pa-3?cat=&cat_id=0&age_range=&skin_type=&skin_tone=&skin_undertone=&hair_texture=&hair_type=&order=newest&page=1"
"Sunscreen","Sun Protection SPF 15","3.7","47","15","176500","0","Pond's","https://reviews.femaledaily.com/products/moisturizer/sun-protection-44/ponds/ponds-sun-protection-spf-15?cat=&cat_id=0&age_range=&skin_type=&skin_tone=&skin_undertone=&hair_texture=&hair_type=&order=newest&page=1"
"Sunscreen","UV Protect Sun Serum SPF35 PA+++ UVA UVB Lightweight Sunscreen with Niacinamid-C","3.4","27","35","92500","3","Pond's","https://reviews.femaledaily.com/products/moisturizer/sun-protection-44/ponds/uv-protect-sun-serum-spf35-pa-uva-uvb-lightweight-sunscreen-with-niacinamid-c-1?cat=&cat_id=0&age_range=&skin_type=&skin_tone=&skin_undertone=&hair_texture=&hair_type=&order=newest&page=1"
"Sunscreen","UV Protect Sun Serum SPF50 PA+++","3.4","17","50","82500","3","Pond's","https://reviews.femaledaily.com/products/moisturizer/sun-protection-44/ponds/uv-protect-sun-serum-spf50-pa-1?cat=&cat_id=0&age_range=&skin_type=&skin_tone=&skin_undertone=&hair_texture=&hair_type=&order=newest&page=1"
"Sunscreen","Purito Centella Green Level Unscented Sun SPF 50+ PA++++","4.2","95","50","86000","5","PURITO","https://reviews.femaledaily.com/products/moisturizer/sun-protection-44/purito/purito-centella-green-level-unscented-sun-spf-50-pa?cat=&cat_id=0&age_range=&skin_type=&skin_tone=&skin_undertone=&hair_texture=&hair_type=&order=newest&page=1"
"Sunscreen","Dailyscreen SPF 30 Sunscreen Day Moisturizer X Rahasia Gadis","4.9","12","30","69000","0","Rayou","https://reviews.femaledaily.com/products/moisturizer/sun-protection-44/rayou/rayou-x-rahasia-gadis-dailyscreen-spf-30-sunscreen-day-moisturizer?cat=&cat_id=0&age_range=&skin_type=&skin_tone=&skin_undertone=&hair_texture=&hair_type=&order=newest&page=1"
"Sunscreen","Sun Shield Board Spectrum SPF 50 PA++++","4.7","49","50","69000","4","Rivera","https://reviews.femaledaily.com/products/moisturizer/sun-protection-44/rivera/sun-shield-board-spectrum-spf-50-pa?cat=&cat_id=0&age_range=&skin_type=&skin_tone=&skin_undertone=&hair_texture=&hair_type=&order=newest&page=1"
"Sunscreen","Scarlett Sun Bright Daily Sunscreen SPF 50 PA+++","3.7","82","50","86000","3","Scarlett","https://reviews.femaledaily.com/products/moisturizer/sun-protection-44/scarlett/scarlett-sun-bright-daily-sunscreen-spf-50-pa?cat=&cat_id=0&age_range=&skin_type=&skin_tone=&skin_undertone=&hair_texture=&hair_type=&order=newest&page=1"
"Sunscreen","Perfect UV Milk SPF 50+ PA++++","4.5","13","50","68000","5","Senka","https://reviews.femaledaily.com/products/moisturizer/sun-protection-44/senka/senka-perfect-uv-milk-spf-50-pa?cat=&cat_id=0&age_range=&skin_type=&skin_tone=&skin_undertone=&hair_texture=&hair_type=&order=newest&page=1"
"Sunscreen","Global Suncare The Perfect Protector SPF50+ PA++++","4.6","31","50","68000","5","Shiseido","https://reviews.femaledaily.com/products/moisturizer/sun-protection-44/shiseido/perfect-uv-protector?cat=&cat_id=0&age_range=&skin_type=&skin_tone=&skin_undertone=&hair_texture=&hair_type=&order=newest&page=1"
"Sunscreen","Whitening Source Derm Definition UV Lotion (SPF50 PA+++)","4.4","47","50","139000","3","SK-II","https://reviews.femaledaily.com/products/moisturizer/sun-protection-44/sk-ii/whitening-derm-definition?cat=&cat_id=0&age_range=&skin_type=&skin_tone=&skin_undertone=&hair_texture=&hair_type=&order=newest&page=1"
"Sunscreen","Tone Up UV Essence SPF50+ PA++++","4.1","600","50","380000","5","Skin Aqua","https://reviews.femaledaily.com/products/moisturizer/sun-protection-44/skin-aqua/tone-up-uv-essence?cat=&cat_id=0&age_range=&skin_type=&skin_tone=&skin_undertone=&hair_texture=&hair_type=&order=newest&page=1"
"Sunscreen","UV Mist Light & Moisture SPF 50+ PA+++","4.1","42","50","510000","4","Skin Aqua","https://reviews.femaledaily.com/products/moisturizer/sun-protection-44/skin-aqua/uv-mist-light-and-moisture-spf-50-pa?cat=&cat_id=0&age_range=&skin_type=&skin_tone=&skin_undertone=&hair_texture=&hair_type=&order=newest&page=1"
"Sunscreen","Sarafit UV Essence SPF50+ PA++++","4.1","30","50","257600","5","Skin Aqua","https://reviews.femaledaily.com/products/moisturizer/sun-protection-44/skin-aqua/skin-aqua-sarafit?cat=&cat_id=0&age_range=&skin_type=&skin_tone=&skin_undertone=&hair_texture=&hair_type=&order=newest&page=1"
"Sunscreen","UV Watery Gel SPF 50+ PA++++","4.7","22","50","165390","5","Skin Aqua","https://reviews.femaledaily.com/products/moisturizer/sun-protection-44/skin-aqua/uv-watery-gel-spf-50-pa?cat=&cat_id=0&age_range=&skin_type=&skin_tone=&skin_undertone=&hair_texture=&hair_type=&order=newest&page=1"
"Sunscreen","Tone Up UV Spray SPF 50+ PA++++","4.6","9","50","128800","5","Skin Aqua","https://reviews.femaledaily.com/products/moisturizer/sun-protection-44/skin-aqua/tone-up-uv-spray-spf-50-pa?cat=&cat_id=0&age_range=&skin_type=&skin_tone=&skin_undertone=&hair_texture=&hair_type=&order=newest&page=1"
"Sunscreen","Madagascar Centella Tone Brightening Tone-Up Sunscreen SPF50 PA++++","4.6","165","50","257600","4","Skin1004","https://reviews.femaledaily.com/products/moisturizer/sun-protection-44/skin1004/madagascar-centella-tone-brightening-tone-up-sunscreen-spf50-pa?cat=&cat_id=0&age_range=&skin_type=&skin_tone=&skin_undertone=&hair_texture=&hair_type=&order=newest&page=1"
"Sunscreen","Madagascar Centella Air-Fit Suncream SPF50+ PA++++","4.6","162","50","600000","5","Skin1004","https://reviews.femaledaily.com/products/moisturizer/sun-protection-44/skin1004/skin1004-madagascar-centella-air-fit-suncream-spf50-pa?cat=&cat_id=0&age_range=&skin_type=&skin_tone=&skin_undertone=&hair_texture=&hair_type=&order=newest&page=1"
"Sunscreen","CENTELLA AIR-FIT SUNCREAM LIGHT SPF30 PA++++","4.0","97","30","1600000","4","Skin1004","https://reviews.femaledaily.com/products/moisturizer/sun-protection-44/skin1004/centella-air-fit-suncream-light-spf30-pa?cat=&cat_id=0&age_range=&skin_type=&skin_tone=&skin_undertone=&hair_texture=&hair_type=&order=newest&page=1"
"Sunscreen","5X Ceramide Serum Sunscreen SPF 50+ PA++++","4.0","137","50","1250000","5","Skintific","https://reviews.femaledaily.com/products/moisturizer/sun-protection-44/skintific/5x-ceramide-serum-sunscreen-spf-50-pa?cat=&cat_id=0&age_range=&skin_type=&skin_tone=&skin_undertone=&hair_texture=&hair_type=&order=newest&page=1"
"Sunscreen","Ultra Light Serum Sunscreen SPF 50 PA+++","4.1","30","50","1250000","3","Skintific","https://reviews.femaledaily.com/products/moisturizer/sun-protection-44/skintific/ultra-light-serum-sunscreen-spf-50-pa?cat=&cat_id=0&age_range=&skin_type=&skin_tone=&skin_undertone=&hair_texture=&hair_type=&order=newest&page=1"
"Sunscreen","UV Perfect Air Cool Sun Cream SPF 50+/PA++++","4.3","24","50","916667","5","SNP","https://reviews.femaledaily.com/products/moisturizer/sun-protection-44/snp/uv-perfect-air-cool-sun-cream-spf-50pa?cat=&cat_id=0&age_range=&skin_type=&skin_tone=&skin_undertone=&hair_texture=&hair_type=&order=newest&page=1"
"Sunscreen","UV Shield Daily Mild Suncream SPF50+ PA+++","3.6","21","50","199000","4","Some by Mi","https://reviews.femaledaily.com/products/moisturizer/sun-protection-44/some-by-mi/uv-shield-daily-mild-suncream?cat=&cat_id=0&age_range=&skin_type=&skin_tone=&skin_undertone=&hair_texture=&hair_type=&order=newest&page=1"
"Sunscreen","Holyshield! UV Watery Sunscreen Gel SPF 50+ PA++++","4.0","659","50","125000","5","Somethinc","https://reviews.femaledaily.com/products/moisturizer/sun-protection-44/somethinc/holyshield-uv-watery-sunscreen-gel-spf-50-pa-3?cat=&cat_id=0&age_range=&skin_type=&skin_tone=&skin_undertone=&hair_texture=&hair_type=&order=newest&page=1"
"Sunscreen","Holyshield! Sunscreen Comfort Corrector Serum SPF 50+ PA++++","3.9","308","50","322909","5","Somethinc","https://reviews.femaledaily.com/products/moisturizer/sun-protection-44/somethinc/holyshield-sunscreen-comfort-corrector-serum?cat=&cat_id=0&age_range=&skin_type=&skin_tone=&skin_undertone=&hair_texture=&hair_type=&order=newest&page=1"
"Sunscreen","Glowing Up Sunscreen Stick SPF 50+ PA++++","3.9","210","50","42000","5","Somethinc","https://reviews.femaledaily.com/products/moisturizer/sun-protection-44/somethinc/glowing-up-sunscreen-stick?cat=&cat_id=0&age_range=&skin_type=&skin_tone=&skin_undertone=&hair_texture=&hair_type=&order=newest&page=1"
"Sunscreen","Holyshield! Sunscreen Shake Mist SPF 50+ PA++++","3.0","62","50","124700","5","Somethinc","https://reviews.femaledaily.com/products/moisturizer/sun-protection-44/somethinc/holyshield-sunscreen-shake-mist?cat=&cat_id=0&age_range=&skin_type=&skin_tone=&skin_undertone=&hair_texture=&hair_type=&order=newest&page=1"
"Sunscreen","Holyshield! Sunscreen Shake Mist SPF46 PA+++","4.1","14","46","171300","3","Somethinc","https://reviews.femaledaily.com/products/moisturizer/sun-protection-44/somethinc/holyshield-sunscreen-shake-mist-spf46-pa-1?cat=&cat_id=0&age_range=&skin_type=&skin_tone=&skin_undertone=&hair_texture=&hair_type=&order=newest&page=1"
"Sunscreen","SPF 50 PA++ Skin Pretty Filter Corrector Hybrid Sunscreen","3.9","70","50","259000","2","Studio Tropik","https://reviews.femaledaily.com/products/moisturizer/sun-protection-44/studio-tropik/spf-50-pa-skin-pretty-filter-corrector-hybrid-sunscreen-mint-5?cat=&cat_id=0&age_range=&skin_type=&skin_tone=&skin_undertone=&hair_texture=&hair_type=&order=newest&page=1"
"Sunscreen","SPF 50 PA++ Skin Pretty Filter Corrector Hybrid Sunscreen","3.8","19","50","259000","2","Studio Tropik","https://reviews.femaledaily.com/products/moisturizer/sun-protection-44/studio-tropik/spf-50-pa-skin-pretty-filter-corrector-hybrid-sunscreen-peach-2?cat=&cat_id=0&age_range=&skin_type=&skin_tone=&skin_undertone=&hair_texture=&hair_type=&order=newest&page=1"
"Sunscreen","Renodigm EX Dual Care Cream TPF 40 SPF 30","4.0","13","30","64800","0","Sulwhasoo","https://reviews.femaledaily.com/products/moisturizer/sun-protection-44/sulwhasoo/renodigm-ex-dual-care-cream-tpf-40-spf-30?cat=&cat_id=0&age_range=&skin_type=&skin_tone=&skin_undertone=&hair_texture=&hair_type=&order=newest&page=1"
"Sunscreen","Everyday Sunscreen SPF50","4.3","76","50","54500","0","Supergoop!","https://reviews.femaledaily.com/products/moisturizer/sun-protection-44/supergoop/supergoop-everyday-sunscreen-spf50-71ml?cat=&cat_id=0&age_range=&skin_type=&skin_tone=&skin_undertone=&hair_texture=&hair_type=&order=newest&page=1"
"Sunscreen","UnSeen Sunscreen Broad Spectrum SPF 40","4.6","48","40","129000","0","Supergoop!","https://reviews.femaledaily.com/products/moisturizer/sun-protection-44/supergoop/unseen-sunscreen-broad-spectrum-spf-40?cat=&cat_id=0&age_range=&skin_type=&skin_tone=&skin_undertone=&hair_texture=&hair_type=&order=newest&page=1"
"Sunscreen","Glow Stick Sunscreen Spf 50","3.4","22","50","110000","0","Supergoop!","https://reviews.femaledaily.com/products/moisturizer/sun-protection-44/supergoop/supergoop?cat=&cat_id=0&age_range=&skin_type=&skin_tone=&skin_undertone=&hair_texture=&hair_type=&order=newest&page=1"
"Sunscreen","Play Everyday Lotion SPF 50 with Sunflower Extract","3.7","11","50","125600","0","Supergoop!","https://reviews.femaledaily.com/products/moisturizer/sun-protection-44/supergoop/play-everyday-lotion-spf-50-with-sunflower-extract?cat=&cat_id=0&age_range=&skin_type=&skin_tone=&skin_undertone=&hair_texture=&hair_type=&order=newest&page=1"
"Sunscreen","Glowscreen Broad Spectrum Sunscreen Primer SPF 40 PA+++","4.2","9","40","149000","3","Supergoop!","https://reviews.femaledaily.com/products/moisturizer/sun-protection-44/supergoop/glowscreen-broad-spectrum-sunscreen?cat=&cat_id=0&age_range=&skin_type=&skin_tone=&skin_undertone=&hair_texture=&hair_type=&order=newest&page=1"
"Sunscreen","Oil Free Sunscreen UV Protection SPF30 X Dion Mulya","4.3","13","30","139000","0","The Aesthetics Skin","https://reviews.femaledaily.com/products/moisturizer/sun-protection-44/the-aesthetics-skin/oil-free-sunscreen-uv-protection-spf30-the-aesthetics-skin-x-dion-mulya?cat=&cat_id=0&age_range=&skin_type=&skin_tone=&skin_undertone=&hair_texture=&hair_type=&order=newest&page=1"
"Sunscreen","Artemisia Daily Sunscreen SPF 50 PA ++++","4.4","68","50","265000","4","the Aubree","https://reviews.femaledaily.com/products/moisturizer/sun-protection-44/the-aubree/artemisia-daily-sunscreen-spf-50-pa?cat=&cat_id=0&age_range=&skin_type=&skin_tone=&skin_undertone=&hair_texture=&hair_type=&order=newest&page=1"
"Sunscreen","Sunscreen SPF 50 PA+++","3.8","12","50","79000","3","the Aubree","https://reviews.femaledaily.com/products/moisturizer/sun-protection-44/the-aubree/sunscreen-spf-50-pa?cat=&cat_id=0&age_range=&skin_type=&skin_tone=&skin_undertone=&hair_texture=&hair_type=&order=newest&page=1"
"Sunscreen","Skin Defence Multi Protection Face Mist SPF 45 PA++","3.3","118","45","99900","2","The Body Shop","https://reviews.femaledaily.com/products/moisturizer/sun-protection-44/the-body-shop/skin-defence-multi-protection-face-mist?cat=&cat_id=0&age_range=&skin_type=&skin_tone=&skin_undertone=&hair_texture=&hair_type=&order=newest&page=1"
"Sunscreen","Vitamin C Moisturiser SPF 30","3.2","60","30","59000","0","The Body Shop","https://reviews.femaledaily.com/products/moisturizer/sun-protection-44/the-body-shop/vitamin-c-daily-moisturizer-spf-30?cat=&cat_id=0&age_range=&skin_type=&skin_tone=&skin_undertone=&hair_texture=&hair_type=&order=newest&page=1"
"Sunscreen","Ceramella Sunscreen SPF 50 PA++++","3.5","188","50","37500","4","The Originote","https://reviews.femaledaily.com/products/moisturizer/sun-protection-44/the-originote/ceramella-sunscreen-spf-50-pa-1?cat=&cat_id=0&age_range=&skin_type=&skin_tone=&skin_undertone=&hair_texture=&hair_type=&order=newest&page=1"
"Sunscreen","Sunfriends Sunscreen Gel SPF 50 PA++++","4.1","386","50","99000","4","True to Skin","https://reviews.femaledaily.com/products/moisturizer/sun-protection-44/true-to-skin/true-to-skin-sunfriends-sunscreen-gel-spf-50-pa-3?cat=&cat_id=0&age_range=&skin_type=&skin_tone=&skin_undertone=&hair_texture=&hair_type=&order=newest&page=1"
"Sunscreen","Daily Sun Cream SPF 50+/PA++++","4.1","38","50","38700","5","Vaseline","https://reviews.femaledaily.com/products/moisturizer/sun-protection-44/vaseline/vaseline-daily-sun-cream-spf-50paa-1?cat=&cat_id=0&age_range=&skin_type=&skin_tone=&skin_undertone=&hair_texture=&hair_type=&order=newest&page=1"
"Sunscreen","UV Protection Sun Stick SPF 50+/PA ++++","3.9","20","50","77000","5","Vaseline","https://reviews.femaledaily.com/products/moisturizer/sun-protection-44/vaseline/uv-protection-sun-stick?cat=&cat_id=0&age_range=&skin_type=&skin_tone=&skin_undertone=&hair_texture=&hair_type=&order=newest&page=1"
"Sunscreen","Facial Sun Shield SPF 50","4.0","264","50","80000","0","Votre Peau","https://reviews.femaledaily.com/products/moisturizer/sun-protection-44/votre-peau/sun-shield-sun-block-1?cat=&cat_id=0&age_range=&skin_type=&skin_tone=&skin_undertone=&hair_texture=&hair_type=&order=newest&page=1"
"Sunscreen","UV Shield Essential Sunscreen Gel SPF 35 PA +++","3.3","8","35","70000","3","Wardah","https://reviews.femaledaily.com/products/moisturizer/sun-protection-44/wardah/sun-block-spf-33?cat=&cat_id=0&age_range=&skin_type=&skin_tone=&skin_undertone=&hair_texture=&hair_type=&order=newest&page=1"
"Sunscreen","UV Shield Aqua Fresh Sunscreen Serum SPF 50 PA++++","3.4","600","50","100000","4","Wardah","https://reviews.femaledaily.com/products/moisturizer/sun-protection-44/wardah/uv-shield-aqua-fresh-essence-spf-50pa-2?cat=&cat_id=0&age_range=&skin_type=&skin_tone=&skin_undertone=&hair_texture=&hair_type=&order=newest&page=1"
"Sunscreen","Sunscreen Gel SPF 30","3.4","181","30","50000","0","Wardah","https://reviews.femaledaily.com/products/moisturizer/sun-protection-44/wardah/sunscreen-gel-spf-31?cat=&cat_id=0&age_range=&skin_type=&skin_tone=&skin_undertone=&hair_texture=&hair_type=&order=newest&page=1"
"Sunscreen","UV Shield Active Protection Serum SPF 50 PA++++","3.4","172","50","100000","4","Wardah","https://reviews.femaledaily.com/products/moisturizer/sun-protection-44/wardah/uv-shield-active-protection-serum-spf-50-pa-2?cat=&cat_id=0&age_range=&skin_type=&skin_tone=&skin_undertone=&hair_texture=&hair_type=&order=newest&page=1"
"Sunscreen","UV Shield Light Matte Sun Stick SPF 50 PA++++","3.7","77","50","100000","4","Wardah","https://reviews.femaledaily.com/products/moisturizer/sun-protection-44/wardah/uv-shield-light-matte-sun-stick-2?cat=&cat_id=0&age_range=&skin_type=&skin_tone=&skin_undertone=&hair_texture=&hair_type=&order=newest&page=1"
"Sunscreen","Very High Protection Sunscreen Face Serum Spf50+","3.9","15","50","70000","1","Watsons","https://reviews.femaledaily.com/products/moisturizer/sun-protection-44/watsons/very-high-protection-sunscreen-face-serum-spf50?cat=&cat_id=0&age_range=&skin_type=&skin_tone=&skin_undertone=&hair_texture=&hair_type=&order=newest&page=1"
"Sunscreen","Very High Protection Sunscreen Aloe Face & Body Lotion SPF50+ PA+++","4.1","15","50","100000","4","Watsons","https://reviews.femaledaily.com/products/moisturizer/sun-protection-44/watsons/very-high-protection-sunscreen-aloe-face-and-body-lotion-spf50-pa?cat=&cat_id=0&age_range=&skin_type=&skin_tone=&skin_undertone=&hair_texture=&hair_type=&order=newest&page=1"
"Sunscreen","Sunscreen Face Cream SPF 50+ PA+++","3.8","9","50","100000","4","Watsons","https://reviews.femaledaily.com/products/moisturizer/sun-protection-44/watsons/sunscreen-face-cream?cat=&cat_id=0&age_range=&skin_type=&skin_tone=&skin_undertone=&hair_texture=&hair_type=&order=newest&page=1"
"Sunscreen","Triple UV Elixir Sunscreen Gel SPF 50+ PA++++","3.6","106","50","110000","5","YOU Beauty","https://reviews.femaledaily.com/products/moisturizer/sun-protection-44/you-beauty/triple-uv-elixir-sunscreen-gel-spf-50-pa-1?cat=&cat_id=0&age_range=&skin_type=&skin_tone=&skin_undertone=&hair_texture=&hair_type=&order=newest&page=1"
"Sunscreen","Tone Up Elixir Sunscreen SPF 50+ PA+++","3.3","101","50","100000","4","YOU Beauty","https://reviews.femaledaily.com/products/moisturizer/sun-protection-44/you-beauty/tone-up-elixir-sunscreen-spf-50-pa-1?cat=&cat_id=0&age_range=&skin_type=&skin_tone=&skin_undertone=&hair_texture=&hair_type=&order=newest&page=1"
"Sunscreen","Sunbrella Triple UV Elixir Sunscreen SPF 50+ PA++++","4.1","65","50","110000","5","YOU Beauty","https://reviews.femaledaily.com/products/moisturizer/sun-protection-44/you-beauty/sunbrella-triple-uv-elixir-sunscreen-spf-50-pa-2?cat=&cat_id=0&age_range=&skin_type=&skin_tone=&skin_undertone=&hair_texture=&hair_type=&order=newest&page=1"
"Sunscreen","Sunbrella Daily Defense Sunscreen Serum SPF 30 PA++++","4.1","49","30","80000","4","YOU Beauty","https://reviews.femaledaily.com/products/moisturizer/sun-protection-44/you-beauty/sunbrella-daily-defense-sunscreen-serum-spf-30-pa-1?cat=&cat_id=0&age_range=&skin_type=&skin_tone=&skin_undertone=&hair_texture=&hair_type=&order=newest&page=1"
"Sunscreen","Sunbrella Airy Outdoor Sunscreen Spray SPF 50+ PA++++","5.0","16","50","110000","5","YOU Beauty","https://reviews.femaledaily.com/products/moisturizer/sun-protection-44/you-beauty/sunbrella-airy-outdoor-sunscreen-spray-spf-50-pa-1?cat=&cat_id=0&age_range=&skin_type=&skin_tone=&skin_undertone=&hair_texture=&hair_type=&order=newest&page=1"
"Sunscreen","Sunscreen Cream SPF 35 PA++","3.8","86","35","60000","2","Zoya Cosmetics","https://reviews.femaledaily.com/products/moisturizer/sun-protection-44/zoya-cosmetics/sunscreen-cream?cat=&cat_id=0&age_range=&skin_type=&skin_tone=&skin_undertone=&hair_texture=&hair_type=&order=newest&page=1"
"","","","","","","","",""
"","","","","","","","",""
"","","","","","","","",""
"","","","","","","","",""
"","","","","","","","",""
"","","","","","","","",""
"","","","","","","","",""
"","","","","","","","",""
"","","","","","","","",""
"","","","","","","","",""
"","","","","","","","",""
"","","","","","","","",""
"","","","","","","","",""
"","","","","","","","",""
"","","","","","","","",""
"","","","","","","","",""
"","","","","","","","",""
"","","","","","","","",""
"","","","","","","","",""
"","","","","","","","",""
"","","","","","","","",""
"","","","","","","","",""
"","","","","","","","",""
"","","","","","","","",""
"","","","","","","","",""
"","","","","","","","",""
"","","","","","","","",""
"","","","","","","","",""
"","","","","","","","",""
"","","","","","","","",""
"","","","","","","","",""
"","","","","","","","",""
"","","","","","","","",""
"","","","","","","","",""
"","","","","","","","",""
"","","","","","","","",""
"","","","","","","","",""
"","","","","","","","",""
"","","","","","","","",""
"","","","","","","","",""
"","","","","","","","",""
"","","","","","","","",""
"","","","","","","","",""
"","","","","","","","",""
"","","","","","","","",""
"","","","","","","","",""
"","","","","","","","",""
"","","","","","","","",""
"","","","","","","","",""
"","","","","","","","",""
"","","","","","","","",""
"","","","","","","","",""
"","","","","","","","",""
"","","","","","","","",""
"","","","","","","","",""
"","","","","","","","",""
"","","","","","","","",""
"","","","","","","","",""
"","","","","","","","",""
"","","","","","","","",""
"","","","","","","","",""
"","","","","","","","",""
"","","","","","","","",""
"","","","","","","","",""
"","","","","","","","",""
"","","","","","","","",""
"","","","","","","","",""
"","","","","","","","",""
"","","","","","","","",""
"","","","","","","","",""
"","","","","","","","",""
"","","","","","","","",""
"","","","","","","","",""
"","","","","","","","",""
"","","","","","","","",""
"","","","","","","","",""
"","","","","","","","",""
"","","","","","","","",""
"","","","","","","","",""
"","","","","","","","",""
"","","","","","","","",""
"","","","","","","","",""
"","","","","","","","",""
"","","","","","","","",""
"","","","","","","","",""
"","","","","","","","",""
"","","","","","","","",""
"","","","","","","","",""
"","","","","","","","",""
"","","","","","","","",""
"","","","","","","","",""
"","","","","","","","",""
"","","","","","","","",""
"","","","","","","","",""
"","","","","","","","",""
"","","","","","","","",""
"","","","","","","","",""
"","","","","","","","",""
"","","","","","","","",""
"","","","","","","","",""
"","","","","","","","",""
"","","","","","","","",""
"","","","","","","","",""
"","","","","","","","",""
"","","","","","","","",""
"","","","","","","","",""
"","","","","","","","",""
"","","","","","","","",""
"","","","","","","","",""
"","","","","","","","",""
"","","","","","","","",""
"","","","","","","","",""
"","","","","","","","",""
"","","","","","","","",""
"","","","","","","","",""
"","","","","","","","",""
"","","","","","","","",""
"","","","","","","","",""
"","","","","","","","",""
"","","","","","","","",""
"","","","","","","","",""
"","","","","","","","",""
"","","","","","","","",""
"","","","","","","","",""
"","","","","","","","",""
"","","","","","","","",""
"","","","","","","","",""
"","","","","","","","",""
"","","","","","","","",""
"","","","","","","","",""
"","","","","","","","",""
"","","","","","","","",""
"","","","","","","","",""
"","","","","","","","",""
"","","","","","","","",""
"","","","","","","","",""
"","","","","","","","",""
"","","","","","","","",""
"","","","","","","","",""
"","","","","","","","",""
"","","","","","","","",""
"","","","","","","","",""
"","","","","","","","",""
"","","","","","","","",""
"","","","","","","","",""
"","","","","","","","",""
"","","","","","","","",""
"","","","","","","","",""
"","","","","","","","",""
"","","","","","","","",""
"","","","","","","","",""
"","","","","","","","",""
"","","","","","","","",""
"","","","","","","","",""
"","","","","","","","",""
"","","","","","","","",""
"","","","","","","","",""
"","","","","","","","",""
"","","","","","","","",""
"","","","","","","","",""
"","","","","","","","",""
"","","","","","","","",""
"","","","","","","","",""
"","","","","","","","",""
"","","","","","","","",""
"","","","","","","","",""
"","","","","","","","",""
"","","","","","","","",""
"","","","","","","","",""
"","","","","","","","",""
"","","","","","","","",""
"","","","","","","","",""
"","","","","","","","",""
"","","","","","","","",""
"","","","","","","","",""
"","","","","","","","",""
"","","","","","","","",""
"","","","","","","","",""
"","","","","","","","",""
"","","","","","","","",""
"","","","","","","","",""
"","","","","","","","",""
"","","","","","","","",""
"","","","","","","","",""
"","","","","","","","",""
"","","","","","","","",""
"","","","","","","","",""
"","","","","","","","",""
"","","","","","","","",""
"","","","","","","","",""
"","","","","","","","",""
"","","","","","","","",""
"","","","","","","","",""
"","","","","","","","",""
"","","","","","","","",""
"","","","","","","","",""
"","","","","","","","",""
"","","","","","","","",""
"","","","","","","","",""
"","","","","","","","",""
"","","","","","","","",""
"","","","","","","","",""
"","","","","","","","",""
"","","","","","","","",""
"","","","","","","","",""
"","","","","","","","",""
"","","","","","","","",""
"","","","","","","","",""
"","","","","","","","",""
"","","","","","","","",""
"","","","","","","","",""
"","","","","","","","",""
"","","","","","","","",""
"","","","","","","","",""
"","","","","","","","",""
"","","","","","","","",""
"","","","","","","","",""
"","","","","","","","",""
"","","","","","","","",""
"","","","","","","","",""
"","","","","","","","",""
"","","","","","","","",""
"","","","","","","","",""
"","","","","","","","",""
"","","","","","","","",""
"","","","","","","","",""
"","","","","","","","",""
"","","","","","","","",""
"","","","","","","","",""
"","","","","","","","",""
"","","","","","","","",""
"","","","","","","","",""
"","","","","","","","",""
"","","","","","","","",""
"","","","","","","","",""
"","","","","","","","",""
"","","","","","","","",""
"","","","","","","","",""
"","","","","","","","",""
"","","","","","","","",""
"","","","","","","","",""
"","","","","","","","",""
"","","","","","","","",""
"","","","","","","","",""
"","","","","","","","",""
"","","","","","","","",""
"","","","","","","","",""
"","","","","","","","",""
"","","","","","","","",""
"","","","","","","","",""
"","","","","","","","",""
"","","","","","","","",""
"","","","","","","","",""
"","","","","","","","",""
"","","","","","","","",""
"","","","","","","","",""
"","","","","","","","",""
"","","","","","","","",""
"","","","","","","","",""
"","","","","","","","",""
"","","","","","","","",""
"","","","","","","","",""
"","","","","","","","",""
"","","","","","","","",""
"","","","","","","","",""
"","","","","","","","",""
"","","","","","","","",""
"","","","","","","","",""
"","","","","","","","",""
"","","","","","","","",""
"","","","","","","","",""
"","","","","","","","",""
"","","","","","","","",""
"","","","","","","","",""
"","","","","","","","",""
"","","","","","","","",""
"","","","","","","","",""
"","","","","","","","",""
"","","","","","","","",""
"","","","","","","","",""
"","","","","","","","",""
"","","","","","","","",""
"","","","","","","","",""
"","","","","","","","",""
"","","","","","","","",""
"","","","","","","","",""
"","","","","","","","",""
"","","","","","","","",""
"","","","","","","","",""
"","","","","","","","",""
"","","","","","","","",""
"","","","","","","","",""
"","","","","","","","",""
"","","","","","","","",""
"","","","","","","","",""
"","","","","","","","",""
"","","","","","","","",""
"","","","","","","","",""
"","","","","","","","",""
"","","","","","","","",""
"","","","","","","","",""
"","","","","","","","",""
"","","","","","","","",""
"","","","","","","","",""
"","","","","","","","",""
"","","","","","","","",""
"","","","","","","","",""
"","","","","","","","",""
"","","","","","","","",""
"","","","","","","","",""
"","","","","","","","",""
"","","","","","","","",""
"","","","","","","","",""
"","","","","","","","",""
"","","","","","","","",""
"","","","","","","","",""
"","","","","","","","",""
"","","","","","","","",""
"","","","","","","","",""
"","","","","","","","",""
"","","","","","","","",""
"","","","","","","","",""
"","","","","","","","",""
"","","","","","","","",""
"","","","","","","","",""
"","","","","","","","",""
"","","","","","","","",""
